"Data Source","World Development Indicators",

"Last Updated Date","2026-07-13",

"Country Name","Country Code","Indicator Name","Indicator Code","1960","1961","1962","1963","1964","1965","1966","1967","1968","1969","1970","1971","1972","1973","1974","1975","1976","1977","1978","1979","1980","1981","1982","1983","1984","1985","1986","1987","1988","1989","1990","1991","1992","1993","1994","1995","1996","1997","1998","1999","2000","2001","2002","2003","2004","2005","2006","2007","2008","2009","2010","2011","2012","2013","2014","2015","2016","2017","2018","2019","2020","2021","2022","2023","2024","2025",
"Aruba","ABW","GNI per capita, PPP (current international $)","NY.GNP.PCAP.PP.CD","","","","","","","","","","","","","","","","","","","","","","","","","","","","","","","21490","22880","23630","24130","25340","25930","25640","26790","27310","27020","29820","30960","29680","31660","33900","27980","34400","32340","37310","33150","31800","32030","32580","33740","34340","34460","34480","35450","36710","36790","27940","33930","40290","43520","48900","",
"Africa Eastern and Southern","AFE","GNI per capita, PPP (current international $)","NY.GNP.PCAP.PP.CD","","","","","","","","","","","","","","","","","","","","","","","","","","","","","","","1769.70582185808","1782.14023814792","1696.82119243039","1715.3787700551","1727.23848651269","1829.24898730472","1918.16646774246","1993.82136620007","1995.20209592565","2014.52039383116","2081.44242639514","2147.63431678697","2213.64639857607","2273.51511053814","2401.06046498421","2557.55270118875","2733.19286934168","2899.77707210271","2987.8502243139","2977.06156573788","3067.5689509793","3175.48384770246","3129.04909231313","3246.41334578167","3398.10105902515","3433.72358507508","3551.36600359558","3736.14326440284","3617.84841328555","3690.99283182098","3621.07743816049","3923.28836862733","4248.82140682194","4397.94726236279","4511.30579455714","4730.69171906242",
"Afghanistan","AFG","GNI per capita, PPP (current international $)","NY.GNP.PCAP.PP.CD","","","","","","","","","","","","","","","","","","","","","","","","","","","","","","","","","","","","","","","","","790","750","940","980","980","1090","1140","1300","1330","1570","1770","1740","1990","2140","2230","2300","2240","2360","2460","2620","2580","2160","2130","2210","2250","",
"Africa Western and Central","AFW","GNI per capita, PPP (current international $)","NY.GNP.PCAP.PP.CD","","","","","","","","","","","","","","","","","","","","","","","","","","","","","","","","","","","","","","","","","","","","","","","","","3766.73578789573","3917.9589306177","4115.23601280163","4286.82126514172","4436.04988254514","4628.68715049531","4978.27873327891","4957.17902204511","4887.80909258712","4927.47531555626","5070.59589710464","5376.9090965676","5340.91199911522","5572.06555637583","6054.03953059116","6341.78245768027","6625.2025735739","6924.88851476",
"Angola","AGO","GNI per capita, PPP (current international $)","NY.GNP.PCAP.PP.CD","","","","","","","","","","","","","","","","","","","","","","","","","","","","","","","3420","3740","2030","1800","1570","2690","2800","3220","3220","3040","3200","3320","3840","3960","4330","4890","5380","6030","6300","6620","6780","6960","7650","7960","8530","7710","7530","7700","7800","7940","7200","8110","8790","8820","9330","9840",
"Albania","ALB","GNI per capita, PPP (current international $)","NY.GNP.PCAP.PP.CD","","","","","","","","","","","","","","","","","","","","","","","","","","","","","","","2650","1960","1820","2190","2400","2820","3120","2820","3180","3630","4090","4590","4960","5300","5720","6130","6950","7790","8510","8890","9660","10280","10530","11070","11900","12530","13270","14140","15040","16230","16020","17960","21750","24530","26500","28170",
"Andorra","AND","GNI per capita, PPP (current international $)","NY.GNP.PCAP.PP.CD","","","","","","","","","","","","","","","","","","","","","","","","","","","","","","","","","","","","","","","","","","","","","","","","","","","","","","","","","","","","63070","58900","63830","71410","74310","76550","80950",
"Arab World","ARB","GNI per capita, PPP (current international $)","NY.GNP.PCAP.PP.CD","","","","","","","","","","","","","","","","","","","","","","","","","","","","","","","7177.12973235613","7398.803243336","7756.9892430832","7843.57298426915","7964.70647345572","8199.77183799793","8507.39810557709","8926.70294330661","9314.69790828812","9337.63763569985","9958.29847198382","10153.5984490136","10080.8010853494","10387.8968314206","11453.8115284006","12171.9744603203","13109.4417740111","13794.1498268959","14405.8156661751","14175.3607121469","14646.9745466597","15171.9417885904","16096.2098523263","16024.2336978512","15842.6392965922","14396.5167238842","13924.8220620149","14516.6614582194","15501.6731790704","15657.9564925376","14220.2705778962","15947.3132450291","17822.8404998966","18452.7559763051","18845.7740015893","19694.5272643317",
"United Arab Emirates","ARE","GNI per capita, PPP (current international $)","NY.GNP.PCAP.PP.CD","","","","","","","","","","","","","","","","","","","","","","","","","","","","","","","94250","89810","89610","87790","91050","96380","96300","99120","95290","87590","97430","94800","89210","92600","99130","102920","109090","104090","95770","85650","85100","89700","89270","87630","87610","74320","70370","70770","77700","80200","66440","68460","75070","80200","81640","",
"Argentina","ARG","GNI per capita, PPP (current international $)","NY.GNP.PCAP.PP.CD","","","","","","","","","","","","","","","","","","","","","","","","","","","","","","","6840","7710","8510","9350","9960","9710","10280","11160","11540","11160","11190","10800","9450","10490","10770","11930","14350","16020","16850","15680","17240","18560","18970","19500","19090","19530","19660","22790","23540","22590","21790","25770","29260","29600","29850","31920",
"Armenia","ARM","GNI per capita, PPP (current international $)","NY.GNP.PCAP.PP.CD","","","","","","","","","","","","","","","","","","","","","","","","","","","","","","","2660","2470","1250","1440","1590","1810","1980","2160","2310","2450","2610","2930","3400","3960","4560","5390","6360","7520","8290","7090","7450","7890","9300","10040","10170","10150","10820","12490","13080","15180","14470","15460","18680","20990","22050","24020",
"American Samoa","ASM","GNI per capita, PPP (current international $)","NY.GNP.PCAP.PP.CD","","","","","","","","","","","","","","","","","","","","","","","","","","","","","","","","","","","","","","","","","","","","","","","","","","","","","","","","","","","","","","","","","","",
"Antigua and Barbuda","ATG","GNI per capita, PPP (current international $)","NY.GNP.PCAP.PP.CD","","","","","","","","","","","","","","","","","","","","","","","","","","","","","","","11770","12790","13120","14120","15070","14410","15400","16330","17030","17580","18360","17470","17760","18990","20400","22360","25640","28380","28580","24870","22820","22500","21550","20610","20720","19750","19930","20360","23390","25450","22380","24880","28290","30560","31870","34670",
"Australia","AUS","GNI per capita, PPP (current international $)","NY.GNP.PCAP.PP.CD","","","","","","","","","","","","","","","","","","","","","","","","","","","","","","","16780","17120","17560","18710","19730","20330","21350","22370","23620","24740","25820","26910","28290","29320","30910","31870","33540","35080","36080","39020","37970","40460","41700","44980","45880","45520","46320","47240","48780","51080","52890","57560","63510","69080","69600","69930",
"Austria","AUT","GNI per capita, PPP (current international $)","NY.GNP.PCAP.PP.CD","","","","","","","","","","","","","","","","","","","","","","","","","","","","","","","19480","20520","21260","21710","22590","23510","24410","25180","26370","27060","28970","29150","30770","31880","33470","34700","37480","39150","41390","40670","42090","44320","46200","47650","48410","49040","52380","53360","56050","60220","59170","64010","72470","74770","75630","77010",
"Azerbaijan","AZE","GNI per capita, PPP (current international $)","NY.GNP.PCAP.PP.CD","","","","","","","","","","","","","","","","","","","","","","","","","","","","","","","5350","5420","4220","3280","2650","2350","2400","2560","2840","3180","3380","3740","4100","4560","4940","6070","8270","10220","11860","13190","14040","13790","15090","16410","17060","14590","13660","13770","14550","16030","15070","19690","21040","22680","24280","25430",
"Burundi","BDI","GNI per capita, PPP (current international $)","NY.GNP.PCAP.PP.CD","","","","","","","","","","","","","","","","","","","","","","","","","","","","","","","590","630","630","630","610","540","510","510","530","520","530","520","540","520","540","540","580","590","610","600","610","620","640","690","720","720","760","790","810","860","940","1020","1090","1140","1190","1250",
"Belgium","BEL","GNI per capita, PPP (current international $)","NY.GNP.PCAP.PP.CD","","","","","","","","","","","","","","","","","","","","","","","","","","","","","","","18750","19740","20410","20810","22050","22940","23270","24310","24960","26030","28510","29330","30810","31520","32500","33590","35760","37310","38800","38650","40450","41310","43440","44870","46060","46720","48850","50700","53000","57190","56620","61450","69760","73990","75480","75620",
"Benin","BEN","GNI per capita, PPP (current international $)","NY.GNP.PCAP.PP.CD","","","","","","","","","","","","","","","","","","","","","","","","","","","","","","","1170","1230","1230","1290","1300","1370","1420","1490","1530","1590","1670","1740","1790","1830","1900","1940","2010","2120","2210","2210","2210","2260","2330","2500","2660","2710","2830","2880","2950","3130","3220","3430","3820","4100","4400","4760",
"Burkina Faso","BFA","GNI per capita, PPP (current international $)","NY.GNP.PCAP.PP.CD","","","","","","","","","","","","","","","","","","","","","","","","","","","","","","","570","620","620","640","640","680","760","790","840","890","900","940","960","1030","1070","1160","1240","1290","1350","1340","1410","1470","1530","1600","1590","1610","1800","1970","2010","2130","2300","2340","2470","2620","2730","2890",
"Bangladesh","BGD","GNI per capita, PPP (current international $)","NY.GNP.PCAP.PP.CD","","","","","","","","","","","","","","","","","","","","","","","","","","","","","","","950","1000","1060","1120","1170","1230","1290","1350","1410","1470","1550","1640","1710","1800","1930","2090","2300","2520","2720","2850","3030","3250","3680","3940","4190","4440","4790","5050","5710","6290","6920","7830","8780","9520","10080","10710",
"Bulgaria","BGR","GNI per capita, PPP (current international $)","NY.GNP.PCAP.PP.CD","","","","","","","","","","","","","","","","","","","","","","","","","","","","","","","6950","6480","6800","6910","7190","7570","6630","5570","6060","5730","6270","6970","7950","8550","9310","10320","11120","11890","13660","13730","14550","15140","15920","16260","17640","18070","19700","21300","23130","25930","26360","29720","34350","36930","39850","42170",
"Bahrain","BHR","GNI per capita, PPP (current international $)","NY.GNP.PCAP.PP.CD","","","","","","","","","","","","","","","","","","","","","","","","","","","","","","","28140","32810","33850","36630","36140","38500","39960","39630","41310","42000","44560","44510","42620","43400","44290","46050","47010","48670","48520","43540","44890","46050","54930","54320","51750","45470","44920","47500","49270","53440","49770","51550","59060","60600","62510","65500",
"Bahamas, The","BHS","GNI per capita, PPP (current international $)","NY.GNP.PCAP.PP.CD","","","","","","","","","","","","","","","","","","","","","","","","","","","","","","","19180","18640","18340","18320","18960","21970","24110","21080","21900","23780","24980","25720","26610","26570","27230","28600","29750","30550","30450","28750","28930","29370","30230","29430","30480","30790","30770","32780","32930","34420","25810","29230","34790","37210","39610","",
"Bosnia and Herzegovina","BIH","GNI per capita, PPP (current international $)","NY.GNP.PCAP.PP.CD","","","","","","","","","","","","","","","","","","","","","","","","","","","","","","","900","840","840","920","1130","1350","2120","2890","4090","4360","4590","4700","5020","5230","5680","6200","7080","7910","8900","9030","9230","9840","10200","10950","11260","11930","12920","13510","14770","16400","16280","18050","21370","23260","25100","25810",
"Belarus","BLR","GNI per capita, PPP (current international $)","NY.GNP.PCAP.PP.CD","","","","","","","","","","","","","","","","","","","","","","","","","","","","","","","5220","5330","4920","4650","4170","3830","4030","4570","5030","5340","5770","6220","6680","7370","8480","9650","10960","12210","13710","13730","15030","16380","17710","18350","18470","17360","16990","17720","19300","21640","23860","26600","27230","29860","32480","34310",
"Belize","BLZ","GNI per capita, PPP (current international $)","NY.GNP.PCAP.PP.CD","","","","","","","","","","","","","","","","","","","","","","","","","","","","","","","4400","4970","5580","5930","5870","5920","5900","6080","6110","6520","7190","7400","7710","8240","8470","8730","9130","9270","9030","9210","8980","9210","8720","8970","8880","9120","8930","8620","8850","9780","9360","11340","12830","13240","13780","14230",
"Bermuda","BMU","GNI per capita, PPP (current international $)","NY.GNP.PCAP.PP.CD","","","","","","","","","","","","","","","","","","","","","","","","","","","","","","","","","","","","","","","","","","","","","","","","","","","73780","72730","72220","74820","74730","78670","82690","89200","88770","92220","87660","96260","110630","116020","122530","",
"Bolivia","BOL","GNI per capita, PPP (current international $)","NY.GNP.PCAP.PP.CD","","","","","","","","","","","","","","","","","","","","","","","","","","","","","","","2680","2870","2950","3080","3250","3410","3560","3740","3930","3910","4020","4120","4210","4300","4500","4780","5100","5370","5740","5830","6010","6380","6830","7660","8270","8510","9100","10170","10540","10820","9490","10970","12000","12590","12630","12530",
"Brazil","BRA","GNI per capita, PPP (current international $)","NY.GNP.PCAP.PP.CD","","","","","","","","","","","","","","","","","","","","","","","","","","","","","","","6510","6710","6740","7080","7430","7980","8190","8460","8420","8370","8830","9000","9290","9490","10210","10760","11460","12400","13120","13090","14010","14820","14820","15500","15530","14540","14010","14290","15030","15640","15770","17510","19300","20520","21620","22670",
"Barbados","BRB","GNI per capita, PPP (current international $)","NY.GNP.PCAP.PP.CD","","","","","","","","","","","","","","","","","","","","","","","","","","","","","","","11970","11880","11470","11750","12200","12630","13330","14260","14960","15150","16190","16070","16310","16850","17550","18540","19930","21150","21390","20480","19230","18880","18080","18350","18150","18470","18440","18240","18980","19120","16340","17400","21430","22290","23630","24840",
"Brunei Darussalam","BRN","GNI per capita, PPP (current international $)","NY.GNP.PCAP.PP.CD","","","","","","","","","","","","","","","","","","","","","","","","","","","","","","","70200","72610","70020","69390","69780","70440","70010","73980","68260","70580","73090","74250","76840","79630","80400","81530","86110","84080","80750","78300","78960","80510","85160","82320","81150","65860","60830","65320","65550","71210","71890","78750","79980","86200","92890","95420",
"Bhutan","BTN","GNI per capita, PPP (current international $)","NY.GNP.PCAP.PP.CD","","","","","","","","","","","","","","","","","","","","","","","","","","","","","","","1540","1520","1640","1800","1990","2090","2280","2460","2420","2520","3110","3340","3610","3860","4080","4460","4840","5650","5880","6220","6870","7480","7960","8120","8720","9550","10390","10720","10950","11830","11750","12700","14280","15330","16750","18520",
"Botswana","BWA","GNI per capita, PPP (current international $)","NY.GNP.PCAP.PP.CD","","","","","","","","","","","","","","","","","","","","","","","","","","","","","","","5930","6710","6940","7340","6670","7450","7470","8250","8660","8740","8800","9180","8650","9420","9630","10470","11860","12920","13120","11580","12260","13550","12540","13000","14550","13670","14840","14370","14320","15120","15320","17790","18660","20510","20260","19960",
"Central African Republic","CAF","GNI per capita, PPP (current international $)","NY.GNP.PCAP.PP.CD","","","","","","","","","","","","","","","","","","","","","","","","","","","","","","","610","610","570","560","580","620","590","620","630","650","630","660","680","650","680","700","740","780","790","870","940","980","1070","720","710","780","840","930","970","1060","1130","1210","1280","1330","1340","1390",
"Canada","CAN","GNI per capita, PPP (current international $)","NY.GNP.PCAP.PP.CD","","","","","","","","","","","","","","","","","","","","","","","","","","","","","","","19500","19550","19880","20700","21810","22670","23260","24480","25440","26900","28580","29390","30180","31550","33200","35590","37520","38990","39780","38190","39310","40880","41540","43630","45020","43980","45900","47700","49130","49900","48240","56470","63290","63950","64460","66820",
"Central Europe and the Baltics","CEB","GNI per capita, PPP (current international $)","NY.GNP.PCAP.PP.CD","","","","","","","","","","","","","","","","","","","","","","","","","","","","","","","7173.01959114634","6716.80811486593","6630.35562582464","6891.61156364147","7319.42669564261","7951.48325245138","8332.99247121628","8590.38225604135","8977.67904701759","9269.48985824162","9887.24384168728","10654.4251442076","11429.4482189142","12023.0436257625","12989.144036292","13866.1082992611","15295.3942419076","16913.0252234115","18949.3112210063","19068.3459401877","20121.1141634436","21503.6656155652","22331.9288901458","23122.349454463","24186.8145284891","25252.8106860945","26862.1009759231","28903.6017897614","31193.1002383137","34697.8811203135","35448.9217852314","38844.5564588267","43702.0214896133","46409.7848378515","49099.2253647946","51153.500042318",
"Switzerland","CHE","GNI per capita, PPP (current international $)","NY.GNP.PCAP.PP.CD","","","","","","","","","","","","","","","","","","","","","","","","","","","","","","","29420","29790","30030","30570","31110","31970","32760","34550","35800","37070","39450","39720","40250","41670","43090","45500","50280","52000","50970","54650","58300","58770","61460","63790","64660","66930","67640","68110","70030","72030","71700","80840","91180","89980","94430","101690",
"Channel Islands","CHI","GNI per capita, PPP (current international $)","NY.GNP.PCAP.PP.CD","","","","","","","","","","","","","","","","","","","","","","","","","","","","","","","","","","","","","","","","","","","","","","","","","","","","","","","","","","","","","","","","","","",
"Chile","CHL","GNI per capita, PPP (current international $)","NY.GNP.PCAP.PP.CD","","","","","","","","","","","","","","","","","","","","","","","","","","","","","","","4210","4640","5330","5850","6190","6960","7640","8250","8650","8590","9050","9450","9740","10170","10760","11560","13850","15060","15090","14860","16760","18370","20200","21210","21550","21920","22610","23350","24270","24650","23770","27460","29410","31760","34390","35730",
"China","CHN","GNI per capita, PPP (current international $)","NY.GNP.PCAP.PP.CD","","","","","","","","","","","","","","","","","","","","","","","","","","","","","","","990","1110","1280","1470","1680","1850","2060","2270","2440","2650","2930","3210","3550","3980","4490","5110","5940","6950","7760","8430","9370","10360","11390","12130","12960","13400","14090","15000","16230","17550","18120","20700","22840","25020","26950","29160",
"Cote d'Ivoire","CIV","GNI per capita, PPP (current international $)","NY.GNP.PCAP.PP.CD","","","","","","","","","","","","","","","","","","","","","","","","","","","","","","","2430","2440","2410","2360","2390","2520","1760","1850","1890","1910","1790","1750","1710","1660","1760","1940","1990","2030","2140","2200","2310","2110","2350","2530","4000","4310","4430","4550","4810","5360","5380","5860","6500","6970","7340","7750",
"Cameroon","CMR","GNI per capita, PPP (current international $)","NY.GNP.PCAP.PP.CD","","","","","","","","","","","","","","","","","","","","","","","","","","","","","","","1950","1850","1800","1660","1670","1700","1760","1820","1890","1960","1990","2050","2140","2290","2480","2530","2670","2760","2830","2870","2890","2960","3010","3180","3360","3450","3570","3700","3940","4150","4280","4720","5060","5310","5480","5700",
"Congo, Dem. Rep.","COD","GNI per capita, PPP (current international $)","NY.GNP.PCAP.PP.CD","","","","","","","","","","","","","","","","","","","","","","","","","","","","","","","820","650","660","580","510","490","530","500","480","440","440","410","420","450","470","500","530","570","590","590","630","610","610","700","790","850","930","960","1010","990","1060","1360","1510","1680","1770","1850",
"Congo, Rep.","COG","GNI per capita, PPP (current international $)","NY.GNP.PCAP.PP.CD","","","","","","","","","","","","","","","","","","","","","","","","","","","","","","","2900","3010","3180","2920","2890","2110","2160","2590","2810","2510","2680","2730","2890","2950","2820","3250","3890","3560","3900","4420","4760","4660","5730","5700","5820","4690","3870","3860","5280","5140","4740","5570","5930","6150","6320","6490",
"Colombia","COL","GNI per capita, PPP (current international $)","NY.GNP.PCAP.PP.CD","","","","","","","","","","","","","","","","","","","","","","","","","","","","","","","4900","5090","5330","5680","6080","6410","6520","6740","6760","6460","6630","6760","6920","7170","7630","8220","8910","9600","9950","10060","10460","11210","11630","12340","12980","13160","13870","14150","14860","15830","15370","17230","20130","20820","22100","22250",
"Comoros","COM","GNI per capita, PPP (current international $)","NY.GNP.PCAP.PP.CD","","","","","","","","","","","","","","","","","","","","","","","","","","","","","","","1540","1460","1590","1630","1570","1660","1650","1720","1710","1750","1740","1840","1910","1940","2020","2160","2140","2180","2260","2300","2370","2470","2670","2830","2950","2960","3160","3360","3320","3330","3280","3470","3730","3920","4070","4260",
"Cabo Verde","CPV","GNI per capita, PPP (current international $)","NY.GNP.PCAP.PP.CD","","","","","","","","","","","","","","","","","","","","","","","","","","","","","","","1050","1070","1190","1290","1540","1750","1950","2170","2420","2680","3050","3190","3320","3500","3900","4200","4590","5460","5870","5760","5800","6160","6070","6160","6130","6540","7110","7690","7750","8480","6710","7580","9360","10120","10990","12010",
"Costa Rica","CRI","GNI per capita, PPP (current international $)","NY.GNP.PCAP.PP.CD","","","","","","","","","","","","","","","","","","","","","","","","","","","","","","","4810","5050","5520","5910","6230","6440","6520","6840","7170","7290","7520","7810","8070","8450","8970","9530","10480","11540","12230","11870","12510","13160","14010","14680","15720","16780","18390","19430","20390","22070","20960","22550","24990","26910","28980","30760",
"Caribbean small states","CSS","GNI per capita, PPP (current international $)","NY.GNP.PCAP.PP.CD","","","","","","","","","","","","","","","","","","","","","","","","","","","","","","","6827.61745056643","7039.95843628348","7455.84368148891","7654.22711192905","8007.53977252906","8556.09433931256","9142.35826980417","9474.22047256087","10007.2260097281","10575.4110076925","11166.6025212143","11595.8216051258","12315.5852372173","13317.8391570419","14488.8963503016","15625.163372167","17337.7139227571","18586.3072799233","19266.2348734053","18607.4298927717","19051.1443321544","18805.8264167106","19563.1941126043","20068.3234875106","20291.1006959608","20205.0546043723","19348.7855373083","20171.91614444","20292.9694007949","21234.2605947472","19226.031502657","21901.7511725795","26297.5582579775","30314.7895217894","35672.9648125491","38621.5073048547",
"Cuba","CUB","GNI per capita, PPP (current international $)","NY.GNP.PCAP.PP.CD","","","","","","","","","","","","","","","","","","","","","","","","","","","","","","","","","","","","","","","","","","","","","","","","","","","","","","","","","","","","","","","","","","",
"Curacao","CUW","GNI per capita, PPP (current international $)","NY.GNP.PCAP.PP.CD","","","","","","","","","","","","","","","","","","","","","","","","","","","","","","","","","","","","","","","","","","","","","","24480","25060","25860","26030","25510","25860","25940","24600","24150","23820","23690","23200","24040","24480","25500","21870","25190","29240","31210","33330","",
"Cayman Islands","CYM","GNI per capita, PPP (current international $)","NY.GNP.PCAP.PP.CD","","","","","","","","","","","","","","","","","","","","","","","","","","","","","","","","","","","","","","","","","","","","","","","","","","","62770","64370","43820","38230","36670","37970","41510","45560","50130","53880","50100","64430","64620","66280","74470","",
"Cyprus","CYP","GNI per capita, PPP (current international $)","NY.GNP.PCAP.PP.CD","","","","","","","","","","","","","","","","","","","","","","","","","","","","","","","13270","13470","14660","14760","15620","16230","16480","16810","19330","18530","19470","21230","22340","23290","24480","26320","28350","30780","34260","33810","33020","34280","31700","30020","29080","31170","33850","36620","38810","42020","39710","43410","50520","53610","56200","57390",
"Czechia","CZE","GNI per capita, PPP (current international $)","NY.GNP.PCAP.PP.CD","","","","","","","","","","","","","","","","","","","","","","","","","","","","","","","12770","11690","11890","12250","12870","13850","14560","14690","14840","15210","16020","17210","17690","18950","20000","21090","22430","24570","26230","25800","25970","26910","27640","29110","30570","31590","33740","36850","39260","42790","42530","46400","50790","54000","55770","57870",
"Germany","DEU","GNI per capita, PPP (current international $)","NY.GNP.PCAP.PP.CD","","","","","","","","","","","","","","","","","","","","","","","","","","","","","","","19660","21060","21770","21920","22820","23600","24170","24600","25300","26330","27310","28470","29200","29990","31940","32580","35320","37450","38800","38400","40510","44500","45280","46950","48930","49520","53030","55520","58540","61510","60200","64730","71750","74600","76500","78140",
"Djibouti","DJI","GNI per capita, PPP (current international $)","NY.GNP.PCAP.PP.CD","","","","","","","","","","","","","","","","","","","","","","","","","","","","","","","","","","","","","","","","","","","","","","","","","","","","","","3710","3940","4220","4300","4460","4840","5230","5350","5850","6750","7420","8040","8660",
"Dominica","DMA","GNI per capita, PPP (current international $)","NY.GNP.PCAP.PP.CD","","","","","","","","","","","","","","","","","","","","","","","","","","","","","","","4570","4760","4980","5230","5260","5500","5690","5970","6340","6290","6360","6810","6630","7160","7540","7920","8870","9510","10450","10520","10730","10900","10720","10880","11740","11630","12510","12770","15100","15780","14480","15820","18890","20290","20810","22130",
"Denmark","DNK","GNI per capita, PPP (current international $)","NY.GNP.PCAP.PP.CD","","","","","","","","","","","","","","","","","","","","","","","","","","","","","","","17590","18380","19190","19710","21190","22270","23260","24440","25430","26360","28000","29020","30290","30590","33060","34510","37840","39300","41930","40930","43740","45380","45770","48350","49620","50410","53120","56490","58840","62360","64710","72080","80690","79920","83530","85460",
"Dominican Republic","DOM","GNI per capita, PPP (current international $)","NY.GNP.PCAP.PP.CD","","","","","","","","","","","","","","","","","","","","","","","","","","","","","","","3510","3580","3990","4240","4380","4650","4960","5400","5720","6030","6350","6560","6850","6630","6780","7780","8680","9460","9970","10010","10840","11240","11310","11820","12810","14190","15580","16040","17210","18860","18070","20960","23690","24690","26160","26980",
"Algeria","DZA","GNI per capita, PPP (current international $)","NY.GNP.PCAP.PP.CD","","","","","","","","","","","","","","","","","","","","","","","","","","","","","","","7350","7190","7390","7290","7180","7370","7650","7780","8180","8400","8770","9290","9720","10440","10990","11720","12330","13160","13570","13550","14190","14520","14300","14140","14420","13520","13350","13340","13430","13610","12470","14210","15460","16590","17310","18240",
"East Asia & Pacific (excluding high income)","EAP","GNI per capita, PPP (current international $)","NY.GNP.PCAP.PP.CD","","","","","","","","","","","","","","","","","","","","","","","","","","","","","","","1440.23864900394","1580.90183406436","1758.53210165093","1965.85333849921","2191.65401438172","2402.05343634112","2630.29896052066","2823.95137376711","2836.94532205507","3008.01756424219","3273.84186843905","3543.35613049159","3855.2344447475","4237.18105794962","4698.31254678845","5247.74250424533","5955.37625946543","6803.30095690242","7471.5733422563","7978.75737387327","8766.86312583081","9580.13283257878","10454.9779006152","11051.8559878698","11702.3816265707","12039.0790914996","12630.8737099691","13403.7840502902","14467.7167404176","15578.3807249126","15856.6108009369","17768.6458974146","19693.1844907539","21488.2830095153","23102.3278167403","24928.2207765038",
"Early-demographic dividend","EAR","GNI per capita, PPP (current international $)","NY.GNP.PCAP.PP.CD","","","","","","","","","","","","","","","","","","","","","","","","","","","","","","","2906.68055026406","3071.73558478025","3201.44787542869","3287.73508174602","3382.99776808431","3505.43342137618","3697.47336974355","3858.25539199167","3822.9013899671","3892.51018637317","4079.46133427121","4196.32275356162","4284.55122779664","4508.88268169918","4842.48560418403","5210.4826852073","5671.74322604495","6108.24830664851","6392.97864797167","6474.89913805805","6870.57837718245","7273.90855057694","7632.46721213416","7854.71373933516","8084.45212160188","8192.45826292581","8494.63910739664","8949.21833394861","9422.28673416024","9741.21906705357","9490.52846616304","10587.5964566245","12025.7894435688","12928.148590577","13657.0623655726","14470.1608346725",
"East Asia & Pacific","EAS","GNI per capita, PPP (current international $)","NY.GNP.PCAP.PP.CD","","","","","","","","","","","","","","","","","","","","","","","","","","","","","","","3278.99090649731","3523.14672638789","3748.927753442","4005.74891229566","4293.53239852516","4586.91350808682","4916.62407765862","5176.16687376905","5148.06632955788","5377.79021711393","5797.47174350133","6115.1186848081","6500.50371476743","6932.58264861676","7524.79629217453","8170.35456914481","9011.5026867507","9979.72181156263","10626.2588194758","10964.4193620745","11897.2650863904","12757.6512405908","13670.2480594192","14392.4929054269","15060.4028905837","15504.0705741844","16068.0394011983","16887.5077855062","17964.8415267706","19082.316211803","19381.2859286744","21519.1092821037","23702.0464157272","25685.300632552","27420.9687657723","29315.3130793931",
"Europe & Central Asia (excluding high income)","ECA","GNI per capita, PPP (current international $)","NY.GNP.PCAP.PP.CD","","","","","","","","","","","","","","","","","","","","","","","","","","","","","","","6304.24236154854","6177.46235860196","5884.55341130368","5808.5814887918","5219.18543353387","5294.97498304258","5497.72191414219","5870.94560419949","5191.132131684","5188.82343198149","5620.25054019977","5818.74223172094","6144.36517200987","6575.63077320338","7430.75756310455","8156.71530629601","9273.78886385711","10345.2639290741","11146.6011483854","10825.9742581188","11825.4087410543","12961.3256613134","13786.3799780538","15044.5726818755","15587.6459704732","16018.2281224831","16472.448199855","17346.3644738541","17956.7946613421","19023.0167150308","19527.967687863","21539.6216506994","24840.0644531967","27254.4664819161","28706.9886158454","29485.3210400604",
"Europe & Central Asia","ECS","GNI per capita, PPP (current international $)","NY.GNP.PCAP.PP.CD","","","","","","","","","","","","","","","","","","","","","","","","","","","","","","","11800.4858732797","12064.3214644615","12076.8877270078","12194.3003130804","12427.2215908634","12818.8810568098","13254.6988260337","13854.3950359378","14134.6312463862","14699.4771799516","15840.5412335271","16630.7273909185","17392.5488936866","18072.0837823898","19224.7592234114","20292.6341631993","22418.3659787064","23964.6588032424","25480.5091561669","24924.2976959766","26055.6308704443","27615.6206109739","28366.4234058142","29650.2138345607","30417.5110892698","30803.4227227116","32226.2704414633","33964.257488816","35772.1173142824","38349.3308076275","37784.4890292812","42165.4929038922","47490.9491245953","50064.010817659","52312.7812648658","53744.9335708049",
"Ecuador","ECU","GNI per capita, PPP (current international $)","NY.GNP.PCAP.PP.CD","","","","","","","","","","","","","","","","","","","","","","","","","","","","","","","4250","4550","4730","4870","5110","5250","5320","5570","5680","5250","5270","5650","5990","6170","6620","7120","7570","7800","8460","8480","8830","9610","10100","11140","11660","10690","10670","11530","11860","12180","11130","13300","14950","15540","15420","16290",
"Egypt, Arab Rep.","EGY","GNI per capita, PPP (current international $)","NY.GNP.PCAP.PP.CD","","","","","","","","","","","","","","","","","","","","","","","","","","","","","","","3470","3650","3800","3910","4060","4260","4460","4690","4920","5150","5480","5710","5760","5920","6190","6540","7110","7710","8260","8470","8660","8760","10100","10240","10010","10710","10520","10920","12030","12900","14780","15120","16940","17730","18260","19330",
"Euro area","EMU","GNI per capita, PPP (current international $)","NY.GNP.PCAP.PP.CD","","","","","","","","","","","","","","","","","","","","","","","","","","","","","","","16635.5924580282","17484.6244144079","17988.2432981265","18246.6826394294","19001.6058505381","19887.8600935137","20507.8192099506","21309.7700191068","22275.779540228","23184.2626452021","24638.5084082135","25768.009221681","26730.05198032","27241.3776480272","28466.8505228865","29546.432340819","32036.5208925741","33814.6786635329","34949.0875654808","34351.6537377467","35370.3133190166","37093.8479778359","37489.6019136732","38798.6136000814","39847.9473833222","40725.4077961468","43387.9933885364","45464.6081284056","47668.7865014775","51129.6678590509","49366.9219525994","54173.6513355024","60743.4502834182","63853.5541274745","65934.8994259224","67275.5364634209",
"Eritrea","ERI","GNI per capita, PPP (current international $)","NY.GNP.PCAP.PP.CD","","","","","","","","","","","","","","","","","","","","","","","","","","","","","","","","","1020","1150","1380","1390","1430","1570","1610","1610","1560","1680","1690","1600","1600","1660","1670","1720","1530","1560","1580","1720","","","","","","","","","","","","","","",
"Spain","ESP","GNI per capita, PPP (current international $)","NY.GNP.PCAP.PP.CD","","","","","","","","","","","","","","","","","","","","","","","","","","","","","","","13520","14300","14670","14850","15250","16140","16730","17680","18840","19750","21430","22630","24100","24850","25920","27250","30180","31740","32420","31600","31340","31450","31610","32400","33640","35200","37670","39810","41030","44090","39400","44550","51740","55480","57920","59830",
"Estonia","EST","GNI per capita, PPP (current international $)","NY.GNP.PCAP.PP.CD","","","","","","","","","","","","","","","","","","","","","","","","","","","","","","","7190","6880","5630","5570","5690","6270","6810","7600","8210","8190","9070","9810","11050","12370","13720","15870","18270","20480","21610","19860","20450","23400","25160","27170","28610","29080","31280","33710","36370","39800","40090","43220","47080","47550","49380","51370",
"Ethiopia","ETH","GNI per capita, PPP (current international $)","NY.GNP.PCAP.PP.CD","","","","","","","","","","","","","","","","","","","","","","","","","","","","","","","410","380","340","380","390","410","450","460","430","450","470","510","510","490","550","620","690","770","850","900","990","1100","1180","1250","1480","1630","1850","1990","2090","2230","2390","2580","2830","3060","3290","3620",
"European Union","EUU","GNI per capita, PPP (current international $)","NY.GNP.PCAP.PP.CD","","","","","","","","","","","","","","","","","","","","","","","","","","","","","","","14822.4919401587","15415.7190564664","15827.3534213054","16095.5009151025","16821.6428592743","17678.8431445871","18286.8608177192","19006.2580780435","19861.8524920436","20699.6130767716","22029.7002543625","23081.4642184601","24024.1880011815","24577.0454753529","25790.6880576447","26822.7298779088","29166.4967562822","30963.9482452666","32318.6144750227","31863.0494833847","32960.2913345602","34649.2122673918","35133.8978994955","36350.3869675232","37403.0416822274","38359.4130938807","40833.5726000989","42938.0056369","45156.2152017954","48689.3097852409","47505.5025446502","52135.0086899562","58433.7881267579","61383.6346947539","63644.5173851946","65147.3636005644",
"Finland","FIN","GNI per capita, PPP (current international $)","NY.GNP.PCAP.PP.CD","","","","","","","","","","","","","","","","","","","","","","","","","","","","","","","17820","17060","16560","16640","17730","19000","19610","21460","23120","24510","26620","27790","28680","28870","31410","32180","34750","37950","40150","38460","39460","41020","40920","41560","42000","42630","44760","47250","49450","52460","54110","57710","62690","63600","65090","66300",
"Fiji","FJI","GNI per capita, PPP (current international $)","NY.GNP.PCAP.PP.CD","","","","","","","","","","","","","","","","","","","","","","","","","","","","","","","3740","3760","4030","4190","4400","4720","5040","4940","4920","5360","5630","5650","5960","6040","6460","6750","6670","6790","6970","7040","7110","7430","7900","8670","10020","10810","11100","11570","12130","11880","10000","9700","12290","13820","14510","15360",
"France","FRA","GNI per capita, PPP (current international $)","NY.GNP.PCAP.PP.CD","","","","","","","","","","","","","","","","","","","","","","","","","","","","","","","17550","18260","18890","19200","19970","20790","21470","22480","23580","24710","26450","27870","28680","28430","29350","30980","33100","34780","35850","35520","36780","38550","38550","40530","41130","41730","43750","45370","47430","52660","50480","54160","58780","62340","63730","65110",
"Faroe Islands","FRO","GNI per capita, PPP (current international $)","NY.GNP.PCAP.PP.CD","","","","","","","","","","","","","","","","","","","","","","","","","","","","","","","","","","","","","","","","","","","","","","","","","41420","38440","40280","44410","48600","52500","55110","55140","56300","58310","60610","64010","63140","70790","77130","80350","83480","",
"Micronesia, Fed. Sts.","FSM","GNI per capita, PPP (current international $)","NY.GNP.PCAP.PP.CD","","","","","","","","","","","","","","","","","","","","","","","","","","","","","","","1940","2080","2100","2270","2280","2340","2290","2100","2160","2270","2410","2490","2530","2630","2650","2840","2930","3010","2970","3150","3190","3350","3410","3440","3400","3930","3910","3930","3650","3980","4260","4470","4530","4830","4990","5080",
"Gabon","GAB","GNI per capita, PPP (current international $)","NY.GNP.PCAP.PP.CD","","","","","","","","","","","","","","","","","","","","","","","","","","","","","","","10790","11530","10810","11020","11690","12020","12370","12960","13500","12070","11400","11860","12160","12080","11540","12630","11840","12280","11820","11860","12170","12760","13160","13090","14080","13120","13700","13870","14740","15020","13870","17430","17790","19080","20630","21660",
"United Kingdom","GBR","GNI per capita, PPP (current international $)","NY.GNP.PCAP.PP.CD","","","","","","","","","","","","","","","","","","","","","","","","","","","","","","","16930","17270","18050","19060","20720","20080","21340","22810","23900","24490","26710","28170","29500","30760","32420","33170","34730","35360","36460","34990","36660","37540","38160","39410","40810","41850","43340","45940","46990","50440","47690","51840","60300","59770","62220","64210",
"Georgia","GEO","GNI per capita, PPP (current international $)","NY.GNP.PCAP.PP.CD","","","","","","","","","","","","","","","","","","","","","","","","","","","","","","","5850","4750","2630","1870","1730","1830","2200","2710","2940","3130","3200","3460","3730","4250","4700","5320","6100","6980","7250","7090","7580","8330","9960","10600","11620","11990","12470","13060","14460","16010","16000","17740","20900","23140","25460","27570",
"Ghana","GHA","GNI per capita, PPP (current international $)","NY.GNP.PCAP.PP.CD","","","","","","","","","","","","","","","","","","","","","","","","","","","","","","","1570","1660","1730","1800","1860","1930","2010","2080","2150","2220","2280","2370","2450","2560","2700","2890","3040","3230","3500","3610","3810","4280","4750","5070","5230","5040","4810","4920","5290","5760","5750","6240","6710","7180","7540","8080",
"Gibraltar","GIB","GNI per capita, PPP (current international $)","NY.GNP.PCAP.PP.CD","","","","","","","","","","","","","","","","","","","","","","","","","","","","","","","","","","","","","","","","","","","","","","","","","","","","","","","","","","","","","","","","","","",
"Guinea","GIN","GNI per capita, PPP (current international $)","NY.GNP.PCAP.PP.CD","","","","","","","","","","","","","","","","","","","","","","","","","","","","","","","840","850","880","930","960","1000","1030","1080","1100","1150","1180","1220","1310","1260","1300","1330","1440","1540","1590","1530","1600","1670","1760","1750","1830","1900","2230","2670","2800","3080","3300","3590","3990","3960","4140","4730",
"Gambia, The","GMB","GNI per capita, PPP (current international $)","NY.GNP.PCAP.PP.CD","","","","","","","","","","","","","","","","","","","","","","","","","","","","","","","1330","1380","1410","1430","1420","1430","1450","1480","1500","1570","1640","1720","1630","1760","1940","1900","1880","1940","2050","2140","2220","2020","2020","1960","1890","1940","1970","2000","2240","2380","2490","2710","3020","3250","3430","3660",
"Guinea-Bissau","GNB","GNI per capita, PPP (current international $)","NY.GNP.PCAP.PP.CD","","","","","","","","","","","","","","","","","","","","","","","","","","","","","","","800","830","840","850","870","920","1020","1100","840","980","980","1030","1070","1070","1090","1170","1210","1240","1290","1300","1370","1450","1360","1410","1500","1770","1850","2100","1990","2280","2370","2540","2800","2970","3120","3320",
"Equatorial Guinea","GNQ","GNI per capita, PPP (current international $)","NY.GNP.PCAP.PP.CD","","","","","","","","","","","","","","","","","","","","","","","","","","","","","","","610","610","820","890","890","950","1520","3950","4370","5630","5070","5410","6790","6350","7850","11240","18510","21280","22620","19660","15360","17360","20580","21090","21980","16710","13500","17120","16230","13090","13210","15630","13490","15550","15200","14610",
"Greece","GRC","GNI per capita, PPP (current international $)","NY.GNP.PCAP.PP.CD","","","","","","","","","","","","","","","","","","","","","","","","","","","","","","","13350","14120","14470","14450","14980","15550","16090","17000","17790","17920","19290","20730","22190","23390","24700","25150","27500","28100","29480","29240","27220","24980","24640","25540","26400","26400","27190","28350","29240","31460","29230","33290","38930","41410","42910","44310",
"Grenada","GRD","GNI per capita, PPP (current international $)","NY.GNP.PCAP.PP.CD","","","","","","","","","","","","","","","","","","","","","","","","","","","","","","","4360","4620","4680","4610","4760","4860","5120","5430","6040","6480","6830","6700","6950","7750","7670","9610","9470","10150","10430","9460","9810","10160","10120","10860","11120","11670","12710","13430","14420","14800","13380","13940","16320","16990","18730","20170",
"Greenland","GRL","GNI per capita, PPP (current international $)","NY.GNP.PCAP.PP.CD","","","","","","","","","","","","","","","","","","","","","","","","","","","","","","","19010","19710","19150","18760","20440","21850","22830","23530","25660","26390","28930","29740","29820","28990","31260","34620","34610","40270","","","","","","","","","","","","","","","","","","",
"Guatemala","GTM","GNI per capita, PPP (current international $)","NY.GNP.PCAP.PP.CD","","","","","","","","","","","","","","","","","","","","","","","","","","","","","","","3230","3430","3570","3710","3840","4010","4070","4220","4390","4500","4660","4800","4890","5010","5170","5390","5700","6080","6330","6250","6340","6600","7110","7520","8020","8720","9000","9360","9740","10560","10750","11530","12730","13500","14190","15020",
"Guam","GUM","GNI per capita, PPP (current international $)","NY.GNP.PCAP.PP.CD","","","","","","","","","","","","","","","","","","","","","","","","","","","","","","","","","","","","","","","","","","","","","","","","","","","","","","","","","","","","","","","","","","",
"Guyana","GUY","GNI per capita, PPP (current international $)","NY.GNP.PCAP.PP.CD","","","","","","","","","","","","","","","","","","","","","","","","","","","","","","","2690","2810","3220","3700","4180","4490","5060","5390","5400","5580","5720","5950","6110","6240","6560","6690","7120","8080","8400","8780","9370","10040","10690","11280","11220","11470","11400","12030","12190","13030","16490","18310","36080","43680","68650","80300",
"High income","HIC","GNI per capita, PPP (current international $)","NY.GNP.PCAP.PP.CD","","","","","","","","","","","","","","","","","","","","","","","","","","","","","","","16816.8008036267","17379.4050338745","17870.5799221212","18351.9837957485","19143.2397754997","19954.2605296097","20843.1439708926","21846.4696134756","22562.3872569358","23510.5572941151","25170.3610289667","26095.624300593","26956.3155046088","27969.4586502976","29679.5663285911","31334.7906064634","33798.3255769362","35458.3547111036","36578.293430553","35673.4681011666","37331.5411534023","39154.8668397625","40417.5549575989","41764.4746996045","42950.9370765272","43382.6968385395","44465.256763385","46458.5715458329","48759.3012711315","51157.3536143821","50027.6386826536","55851.2484583182","61804.5799271425","64639.2852928508","67337.5311685663","69862.2161100514",
"Hong Kong SAR, China","HKG","GNI per capita, PPP (current international $)","NY.GNP.PCAP.PP.CD","","","","","","","","","","","","","","","","","","","","","","","","","","","","","","","17740","19130","20580","22900","24170","24930","24880","26590","25610","26390","28450","29470","29800","31980","35270","38280","42730","46710","49590","47240","50240","53710","52900","54530","55640","57080","58190","61840","63800","64310","61580","70450","73130","77580","82840","88500",
"Honduras","HND","GNI per capita, PPP (current international $)","NY.GNP.PCAP.PP.CD","","","","","","","","","","","","","","","","","","","","","","","","","","","","","","","500","630","680","790","1020","1250","1530","1880","2080","2310","2510","2560","2610","2700","2850","3050","3270","3550","3690","3580","3580","3690","3740","3850","4100","4520","4820","5280","5190","5330","5000","5680","6260","6630","6930","7270",
"Heavily indebted poor countries (HIPC)","HPC","GNI per capita, PPP (current international $)","NY.GNP.PCAP.PP.CD","","","","","","","","","","","","","","","","","","","","","","","","","","","","","","","1039.17375062599","1040.71506142021","1038.73273302602","1047.0194166308","1044.63571512478","1087.36880475764","1115.83832072261","1176.80814233052","1204.49903217016","1228.18429421189","1256.75944398568","1299.51565908114","1339.59452012759","1390.60951380289","1466.47848358291","1561.11500680361","1655.98844596691","1752.27458993196","1836.99863193224","1876.29492236736","1943.67315232531","2010.91442342045","2025.19251322882","2105.12172024999","2295.55720379473","2360.40162286684","2456.75909110924","2527.57814747002","2631.53062166685","2751.65151436117","2752.59723365823","2950.60872515591","3211.06318412729","3353.00490666959","3490.58323854155","3696.59550641642",
"Croatia","HRV","GNI per capita, PPP (current international $)","NY.GNP.PCAP.PP.CD","","","","","","","","","","","","","","","","","","","","","","","","","","","","","","","","","","","","","","","","9730","10490","11410","12560","13250","14440","15090","17180","19120","20370","19610","19450","20570","20930","22010","22390","23690","25340","27800","29470","32890","31970","36690","41960","47710","49700","50410",
"Haiti","HTI","GNI per capita, PPP (current international $)","NY.GNP.PCAP.PP.CD","","","","","","","","","","","","","","","","","","","","","","","","","","","","","","","2190","2270","2150","2040","1810","1990","2070","2130","2150","2200","2230","2230","2240","2320","2320","2420","2510","2650","2730","2860","2700","2870","2840","3050","3090","3030","3260","3350","3210","3250","3110","3120","3250","3270","3170","3130",
"Hungary","HUN","GNI per capita, PPP (current international $)","NY.GNP.PCAP.PP.CD","","","","","","","","","","","","","","","","","","","","","","","","","","","","","","","8820","8070","8060","8240","8640","8820","8950","9250","9780","10190","11190","12460","13720","14610","15270","16030","17230","17650","19360","19810","20690","21920","22270","23910","24670","25670","27460","28570","31050","34780","34810","37740","43020","44980","47600","48630",
"IBRD only","IBD","GNI per capita, PPP (current international $)","NY.GNP.PCAP.PP.CD","","","","","","","","","","","","","","","","","","","","","","","","","","","","","","","2917.31391826299","3040.74803682958","3116.09475659636","3233.94826827496","3355.17419692799","3526.73415797342","3734.55047011417","3937.92562361212","3962.87049455135","4107.24114203121","4397.41848626923","4622.37975496693","4854.06504113476","5179.25625972722","5669.24486090238","6198.9040650321","6945.27252869869","7705.74010806101","8321.12969774616","8536.02383992697","9188.01711961973","9875.5440755508","10506.9481370128","10986.5227777908","11375.0834063269","11490.1793535254","11926.7086222431","12593.5511132843","13449.1672869547","14255.148147103","14301.2725610974","16101.9754391865","17908.2007910777","19408.486099854","20696.0538549246","22024.2061027895",
"IDA & IBRD total","IBT","GNI per capita, PPP (current international $)","NY.GNP.PCAP.PP.CD","","","","","","","","","","","","","","","","","","","","","","","","","","","","","","","2607.86671283268","2711.51286002359","2772.91963564817","2868.8727763284","2965.41825512592","3109.1247769347","3280.39989275912","3447.639795287","3468.83100977076","3587.3172033466","3824.31684495902","4008.62483164075","4194.3345757966","4458.97986739832","4861.1968017279","5297.99034986058","5902.64488240701","6514.27484496097","7001.06381476303","7172.42551751078","7684.25494143221","8220.33855156244","8710.84809036487","9098.04139886527","9428.35578135932","9522.84051979446","9857.71721744319","10375.1926875342","11023.2433256769","11644.5501763766","11656.2552907616","13014.1512428367","14409.0208069938","15516.939962906","16467.8488185513","17458.7411010823",
"IDA total","IDA","GNI per capita, PPP (current international $)","NY.GNP.PCAP.PP.CD","","","","","","","","","","","","","","","","","","","","","","","","","","","","","","","1428.84013779647","1465.81485550119","1488.42814466654","1515.66098375229","1532.28512338853","1591.33328534345","1644.454118266","1698.29052339109","1737.17669102172","1787.16076454171","1854.16108373476","1923.43985874702","1977.20228850231","2065.1206510321","2202.13327637741","2368.56501117816","2539.15911034461","2708.66291212578","2829.54386159662","2920.46882988761","3056.03828988496","3189.61737681248","3314.28761375536","3478.99217204513","3696.50281857041","3794.19037317011","3902.82975925114","4067.44263767934","4214.90142623978","4420.32339302579","4447.37472087532","4732.94739612645","5177.56014817047","5413.85146312991","5658.89036532788","5967.42088624115",
"IDA blend","IDB","GNI per capita, PPP (current international $)","NY.GNP.PCAP.PP.CD","","","","","","","","","","","","","","","","","","","","","","","","","","","","","","","","","","","","","","","","","","","","","","","","","4117.2523331112","4241.30066789302","4424.86870188197","4604.5297772904","4764.03143048874","4980.88151917892","5307.20609743876","5410.0138006041","5462.85215607784","5719.37127821769","5740.35239532873","5986.92322429664","5962.19745560315","6287.28191735046","6908.44582113757","7192.55911823546","7503.25620572966","7879.09352741221",
"Indonesia","IDN","GNI per capita, PPP (current international $)","NY.GNP.PCAP.PP.CD","","","","","","","","","","","","","","","","","","","","","","","","","","","","","","","2890","3150","3370","3650","3990","4320","4680","4890","4110","4050","4330","4670","4920","5150","5440","5840","6300","6800","7300","7590","8130","8690","9260","9570","9730","9690","9930","10350","11030","11620","11410","12410","13900","15020","16050","17190",
"IDA only","IDX","GNI per capita, PPP (current international $)","NY.GNP.PCAP.PP.CD","","","","","","","","","","","","","","","","","","","","","","","","","","","","","","","964.156426329813","982.493616096217","997.949172898916","1029.73510147979","1033.50732681285","1081.12055430745","1131.93910064938","1189.71436396381","1226.22833906178","1266.84151979153","1328.11824059677","1386.62426928107","1441.37288822422","1516.39462990282","1613.03808882062","1736.4039239888","1871.46559048804","2013.68211358615","2131.13814326849","2201.61885692","2308.67858045606","2415.56516955847","2520.69588105468","2656.24696001812","2813.99614985128","2910.61480416242","3054.48596454884","3171.04442821951","3392.24262663199","3578.99640498718","3637.61636219834","3905.20802267404","4257.44223579467","4472.65269590728","4687.27011229635","4965.65433960277",
"Isle of Man","IMN","GNI per capita, PPP (current international $)","NY.GNP.PCAP.PP.CD","","","","","","","","","","","","","","","","","","","","","","","","","","","","","","","","","","","","","","","","","","","","","","","","","","","","","","","","","","","","","","","","","","",
"India","IND","GNI per capita, PPP (current international $)","NY.GNP.PCAP.PP.CD","","","","","","","","","","","","","","","","","","","","","","","","","","","","","","","1160","1180","1250","1320","1410","1520","1630","1690","1780","1930","2010","2120","2200","2370","2590","2830","3100","3390","3510","3750","4040","4290","4620","4810","4980","5210","5570","5900","6450","6880","6670","7720","8810","9710","10580","11600",
"Not classified","INX","GNI per capita, PPP (current international $)","NY.GNP.PCAP.PP.CD","","","","","","","","","","","","","","","","","","","","","","","","","","","","","","","","","","","","","","","","","","","","","","","","","","","","","","","","","","","","","","","","","","",
"Ireland","IRL","GNI per capita, PPP (current international $)","NY.GNP.PCAP.PP.CD","","","","","","","","","","","","","","","","","","","","","","","","","","","","","","","12780","13440","13930","14640","15820","17320","18830","20450","22480","23590","26340","27830","29530","31280","33430","35050","38780","40450","38230","34660","36280","37070","37780","41080","44390","55560","59410","63080","65440","69360","71320","83260","94640","99430","105770","106310",
"Iran, Islamic Rep.","IRN","GNI per capita, PPP (current international $)","NY.GNP.PCAP.PP.CD","","","","","","","","","","","","","","","","","","","","","","","","","","","","","","","7560","8590","8890","8930","8920","9210","9880","10080","10280","10510","11200","11560","12590","13780","14400","14990","15910","17430","17600","17610","18630","19290","17130","16310","16140","14280","15210","15750","15400","13940","15120","15880","17510","18900","19850","19660",
"Iraq","IRQ","GNI per capita, PPP (current international $)","NY.GNP.PCAP.PP.CD","","","","","","","","","","","","","","","","","","","","","","","","","","","","","","","","","","","","4600","5030","5940","7860","9030","10560","10640","9340","5970","9300","9550","10360","10960","11970","12010","12330","12900","14470","14600","13090","9250","8990","10110","11940","12190","10470","12610","14340","14720","14550","14290",
"Iceland","ISL","GNI per capita, PPP (current international $)","NY.GNP.PCAP.PP.CD","","","","","","","","","","","","","","","","","","","","","","","","","","","","","","","21930","22530","22080","22620","23570","24030","24950","26660","28420","29270","29230","31220","32810","32530","34410","36310","37490","39660","35720","35160","34170","36570","39010","44530","46030","49700","55270","56540","58670","62800","58570","62660","75690","81430","82820","83250",
"Israel","ISR","GNI per capita, PPP (current international $)","NY.GNP.PCAP.PP.CD","","","","","","","","","","","","","","","","","","","","","","","","","","","","","","","15300","16210","17210","17850","19060","20290","21320","21860","22510","22810","24610","25240","25670","24220","25670","25770","26570","28560","27870","27740","29220","31220","31990","34460","34880","35840","38110","39520","40440","41330","40920","45780","53550","55050","56960","58870",
"Italy","ITA","GNI per capita, PPP (current international $)","NY.GNP.PCAP.PP.CD","","","","","","","","","","","","","","","","","","","","","","","","","","","","","","","18450","19320","19870","20200","21040","22170","22880","23830","24940","25600","27050","28050","28700","29110","29530","30180","32580","34130","35100","34480","34900","36300","36240","36400","36670","37130","40590","42370","44050","47030","45000","50380","57790","60050","62160","62870",
"Jamaica","JAM","GNI per capita, PPP (current international $)","NY.GNP.PCAP.PP.CD","","","","","","","","","","","","","","","","","","","","","","","","","","","","","","","4630","4940","5230","6070","6050","6310","6520","6470","6330","6420","6570","6700","6800","7160","7430","7660","8160","8460","8600","8130","8220","8510","8720","8900","9020","9200","9550","10190","10370","10560","9470","10160","11660","12490","12680","13090",
"Jordan","JOR","GNI per capita, PPP (current international $)","NY.GNP.PCAP.PP.CD","","","","","","","","","","","","","","","","","","","","","","","","","","","","","","","4530","4270","4820","4940","5070","5320","5340","5540","5700","5840","6270","6640","6920","7230","7940","8660","9080","9530","10030","10360","10320","10560","10610","10690","9960","9750","9510","10090","9850","10310","10480","10010","10780","11380","11670","12440",
"Japan","JPN","GNI per capita, PPP (current international $)","NY.GNP.PCAP.PP.CD","","","","","","","","","","","","","","","","","","","","","","","","","","","","","","","20550","21810","22420","22900","23490","24470","25800","26450","26150","26350","28090","28790","29470","30220","31730","33180","34870","36430","36590","34690","36600","37540","39010","41210","41740","43330","42880","43880","44700","45420","45120","48120","52160","55760","57450","58920",
"Kazakhstan","KAZ","GNI per capita, PPP (current international $)","NY.GNP.PCAP.PP.CD","","","","","","","","","","","","","","","","","","","","","","","","","","","","","","","","","","6460","5830","5560","5780","6090","6200","6410","6960","8140","9120","9980","11030","11940","13240","14530","14770","15520","16200","17260","18480","21230","21500","21070","20770","21370","22020","25100","26460","28910","31770","34680","37670","41090",
"Kenya","KEN","GNI per capita, PPP (current international $)","NY.GNP.PCAP.PP.CD","","","","","","","","","","","","","","","","","","","","","","","","","","","","","","","1690","1710","1680","1660","1700","1780","1850","1850","1880","1890","1890","1940","1930","1960","2050","2190","2320","2470","2460","2170","2310","2460","2530","2750","2980","3320","3860","4100","4350","4610","4760","5260","5790","6210","6500","6910",
"Kyrgyz Republic","KGZ","GNI per capita, PPP (current international $)","NY.GNP.PCAP.PP.CD","","","","","","","","","","","","","","","","","","","","","","","","","","","","","","","","2380","2070","1790","1440","1370","1470","1600","1610","1640","1750","1910","1930","2090","2240","2300","2470","2730","2910","2980","2880","2930","3500","3770","4050","3990","4360","4710","4630","4860","5020","5350","6430","7210","8100","9120",
"Cambodia","KHM","GNI per capita, PPP (current international $)","NY.GNP.PCAP.PP.CD","","","","","","","","","","","","","","","","","","","","","","","","","","","","","","","1100","1180","1220","1530","950","990","980","980","990","1100","1210","1310","1380","1540","1710","1960","2210","2480","2670","2750","2900","3120","3450","3730","3940","4250","4560","4850","5390","5880","5750","5970","6650","7270","7920","8390",
"Kiribati","KIR","GNI per capita, PPP (current international $)","NY.GNP.PCAP.PP.CD","","","","","","","","","","","","","","","","","","","","","","","","","","","","","","","1470","1930","2100","2060","2120","2290","2010","2390","2640","2370","2560","2690","2560","2300","2290","2280","2410","2530","2490","2340","2480","2430","2790","3260","3730","4500","4130","4530","4610","5240","4640","4740","5020","5780","5750","6080",
"St. Kitts and Nevis","KNA","GNI per capita, PPP (current international $)","NY.GNP.PCAP.PP.CD","","","","","","","","","","","","","","","","","","","","","","","","","","","","","","","8780","8820","9190","9910","10530","11300","11860","12650","12360","12710","14160","15010","15300","14710","15950","18250","19640","20340","23040","22360","22800","23680","22780","24210","25110","25110","26630","28310","29540","32010","26610","26040","31450","33490","33730","36430",
"Korea, Rep.","KOR","GNI per capita, PPP (current international $)","NY.GNP.PCAP.PP.CD","","","","","","","","","","","","","","","","","","","","","","","","","","","","","","","8560","9710","10450","11330","12520","13870","15110","16160","15310","17240","19110","20310","22090","22840","24620","26000","27890","30180","31220","30690","33170","34150","35410","36060","37200","39910","41820","43320","45680","46890","48280","52260","56180","58260","61930","64210",
"Kuwait","KWT","GNI per capita, PPP (current international $)","NY.GNP.PCAP.PP.CD","","","","","","","","","","","","","","","","","","","","","","","","","","","","","","","43700","34880","45690","56230","60820","67430","66270","69290","71540","65970","69130","66780","64950","74650","85190","94280","100620","101320","96920","85350","80700","83780","88080","82970","74910","50280","46750","53810","58160","57980","47570","58890","62830","63440","64040","",
"Latin America & Caribbean (excluding high income)","LAC","GNI per capita, PPP (current international $)","NY.GNP.PCAP.PP.CD","","","","","","","","","","","","","","","","","","","","","","","","","","","","","","","6092.19777122527","6446.49719506813","6661.67728395001","6829.60224674921","7133.25210323402","7286.82758611072","7556.66883699123","7967.40661700877","8115.25453957812","8072.34958563882","8434.35943843377","8542.11716712457","8540.0081499289","8745.17420899923","9345.7207925754","9953.05816255355","10878.3332814121","11690.3161967677","12320.1062109908","12085.2778718243","12761.8909931236","13598.9289639983","13863.3121216386","14357.3324585704","14649.7066606062","14430.8351880505","14617.9529480658","15218.5542748038","15809.5489974819","16194.791462563","15644.7745561935","17463.3227597","19492.0438063772","20623.0199043403","21399.8915654768","22100.2610367684",
"Lao PDR","LAO","GNI per capita, PPP (current international $)","NY.GNP.PCAP.PP.CD","","","","","","","","","","","","","","","","","","","","","","","","","","","","","","","1010","1060","1110","1180","1260","1340","1430","1490","1530","1660","1720","1830","1950","2030","2220","2460","2620","2920","3120","3390","3530","3820","4500","4940","5540","5820","6450","6760","7160","7300","7440","7620","8110","8620","9170","9800",
"Lebanon","LBN","GNI per capita, PPP (current international $)","NY.GNP.PCAP.PP.CD","","","","","","","","","","","","","","","","","","","","","","","","","","","","","","","3650","4620","5500","6000","6580","7080","7780","7790","7930","7890","8090","8250","8200","7440","9240","9930","10380","11700","12600","13500","14510","14880","16050","16240","15950","16870","18640","20880","21540","21190","15740","10650","11710","12440","11790","",
"Liberia","LBR","GNI per capita, PPP (current international $)","NY.GNP.PCAP.PP.CD","","","","","","","","","","","","","","","","","","","","","","","","","","","","","","","1080","1090","680","450","360","350","390","690","830","800","850","820","830","570","610","650","700","770","830","860","890","990","1050","1230","1270","1220","1370","1520","1570","1700","1510","1450","1550","1660","1740","1840",
"Libya","LBY","GNI per capita, PPP (current international $)","NY.GNP.PCAP.PP.CD","","","","","","","","","","","","","","","","","","","","","","","","","","","","","","","17090","19990","19480","18820","19230","19420","20120","20450","19980","17090","19120","18760","20320","23130","23780","26620","28920","31310","31060","29300","30220","15720","26270","21030","17690","18360","17220","18370","19120","16620","11140","12450","12300","14540","15200","17150",
"St. Lucia","LCA","GNI per capita, PPP (current international $)","NY.GNP.PCAP.PP.CD","","","","","","","","","","","","","","","","","","","","","","","","","","","","","","","6240","6390","7020","7050","7230","7350","7640","7600","8040","8290","8870","8630","8830","9210","9920","10130","11250","11580","12320","12190","12380","13300","13130","13180","13530","13160","14400","15180","16570","17550","14780","18660","22320","23930","25320","26180",
"Latin America & Caribbean","LCN","GNI per capita, PPP (current international $)","NY.GNP.PCAP.PP.CD","","","","","","","","","","","","","","","","","","","","","","","","","","","","","","","6060.06425042979","6416.64770846681","6654.85753807813","6841.46119852492","7150.10399610013","7326.68505974786","7614.14630684812","8035.68878328883","8200.31679860448","8172.05769837717","8540.11324732803","8660.39139828007","8671.9870713021","8888.05719456102","9504.21973711934","10122.7815535316","11093.5560899886","11928.3745435214","12543.5853353493","12308.089243219","13015.982546842","13874.8207898223","14199.7504141649","14725.2009951767","15034.8181116345","14875.0763922805","15101.380830519","15724.780911564","16315.3618177964","16736.7982675821","16138.9675042182","18035.7639529235","20121.1655995664","21338.3369831346","22232.4822095557","22997.6894764743",
"Least developed countries: UN classification","LDC","GNI per capita, PPP (current international $)","NY.GNP.PCAP.PP.CD","","","","","","","","","","","","","","","","","","","","","","","","","","","","","","","929.484734593175","951.508206725141","932.662188396982","957.088954361795","954.63667997999","1022.99138176655","1072.21354596445","1130.71794431253","1161.48907528299","1189.74151279334","1246.73208658443","1309.31958536731","1372.54824006641","1440.70908719574","1536.911931946","1662.15337067995","1797.85876579783","1944.82043082029","2061.25103899815","2138.78839624799","2238.51236533228","2322.31081463776","2409.83609191464","2530.80996326098","2692.15387918269","2761.54915971613","2892.75485639542","3001.11294169671","3224.50028781624","3415.90128150443","3480.7258022354","3717.32876813126","4069.30420469954","4266.7269566374","4447.06812638028","4692.11954877968",
"Low income","LIC","GNI per capita, PPP (current international $)","NY.GNP.PCAP.PP.CD","","","","","","","","","","","","","","","","","","","","","","","","","","","","","","","745.909942179911","736.021998033643","740.093111932488","753.657971838091","751.247434811111","779.976714447806","821.20930229566","870.879591858661","894.342413609466","904.253117664186","934.999922770493","978.002358190651","1011.36214890778","1053.88707010019","1115.40717024032","1194.12818773551","1270.39979196714","1355.33143176721","1412.07851229325","1446.5543506933","1510.65053789264","1518.75923627068","1479.50763153412","1537.8063546271","1679.69686246382","1752.51685572484","1858.79258507681","1893.41666309752","1955.09902988219","2020.82213244562","2035.72271006033","2170.70219129761","2338.17772955","2405.50730024812","2489.31417256855","2652.78645609275",
"Liechtenstein","LIE","GNI per capita, PPP (current international $)","NY.GNP.PCAP.PP.CD","","","","","","","","","","","","","","","","","","","","","","","","","","","","","","","","","","","","","","","","","","","","","","","","","","","","","","","","","","","","","","","","","","",
"Sri Lanka","LKA","GNI per capita, PPP (current international $)","NY.GNP.PCAP.PP.CD","","","","","","","","","","","","","","","","","","","","","","","","","","","","","","","2510","2700","2850","3070","3240","3420","3540","3770","3900","4050","4300","4260","4460","4810","5170","5620","6190","6760","7170","7500","8150","8990","10070","11000","11460","11940","12750","13280","13820","13720","12590","13990","13830","14070","15290","16750",
"Lower middle income","LMC","GNI per capita, PPP (current international $)","NY.GNP.PCAP.PP.CD","","","","","","","","","","","","","","","","","","","","","","","","","","","","","","","1620.4361865094","1688.38213859541","1740.62662578166","1793.08509926474","1861.80036285552","1974.08864136235","2077.84367393079","2155.23106946724","2238.0738994855","2347.71288884972","2442.59392169495","2557.44120949441","2612.29801705607","2749.05493633417","2986.95776578965","3249.69923913751","3543.9689143466","3848.13605439191","4012.23840118644","4193.61350456608","4422.7282392793","4650.16401777084","4990.70070759365","5205.27613096455","5411.95809827965","5616.93193729131","5861.1143707233","6178.41550416933","6612.38911539097","7019.29917703565","6987.3759726326","7743.82091514002","8701.32808848745","9376.59343123583","10010.3358329462","10784.8821636643",
"Low & middle income","LMY","GNI per capita, PPP (current international $)","NY.GNP.PCAP.PP.CD","","","","","","","","","","","","","","","","","","","","","","","","","","","","","","","2325.99287141757","2449.5673682009","2552.17681289223","2665.40937466653","2783.6967010648","2929.59862082941","3108.13229632938","3275.88911039589","3304.40625810198","3412.55834188166","3624.52601301937","3792.61994332649","3961.00736321412","4202.41151870835","4581.15441124133","4985.29940956772","5512.47967074588","6080.37131414295","6476.54494174177","6680.02702647786","7169.30243951328","7651.9827755248","8117.31549280673","8476.7891926006","8809.38922575162","8933.9789185698","9265.17774638194","9738.52988863818","10325.1682381229","10886.7779893443","10889.4643662731","12096.7049432378","13433.8569166877","14470.9922388349","15346.6001105371","16306.7204855639",
"Lesotho","LSO","GNI per capita, PPP (current international $)","NY.GNP.PCAP.PP.CD","","","","","","","","","","","","","","","","","","","","","","","","","","","","","","","1230","1270","1300","1300","1370","1390","1480","1530","1510","1570","1620","1950","2010","2120","2140","2180","2260","2690","2800","2680","2770","2730","2680","2920","3090","3390","3340","2970","3130","3030","3040","2970","3310","3520","3730","3900",
"Late-demographic dividend","LTE","GNI per capita, PPP (current international $)","NY.GNP.PCAP.PP.CD","","","","","","","","","","","","","","","","","","","","","","","","","","","","","","","2865.02952327172","2946.04934490411","3010.44252474134","3191.0257073488","3368.80668264986","3606.91211318348","3823.98311115657","4060.39922971387","4155.97949074936","4347.49579843699","4739.44591798995","5054.19934823865","5416.48260538186","5892.94002155342","6521.17620800889","7217.92463262973","8244.04579255216","9299.25468301871","10239.0014492495","10592.7199491187","11487.9713181724","12525.6968605903","13448.7503561824","14198.7961626155","14820.1226514221","14880.277897221","15388.4711521922","16304.7678605296","17571.8425767849","18873.614391282","19146.0842991271","21732.3800198055","23957.5013187648","25999.4658289773","27887.349734743","29832.0285732077",
"Lithuania","LTU","GNI per capita, PPP (current international $)","NY.GNP.PCAP.PP.CD","","","","","","","","","","","","","","","","","","","","","","","","","","","","","","","8390","8160","6590","5680","5270","6010","6410","7030","7670","7730","8320","9270","10190","11370","12310","13720","15210","17270","18800","17440","18600","20920","22550","24350","25970","25990","27690","30190","35390","39310","40160","44360","48650","51120","54330","55010",
"Luxembourg","LUX","GNI per capita, PPP (current international $)","NY.GNP.PCAP.PP.CD","","","","","","","","","","","","","","","","","","","","","","","","","","","","","","","29870","33340","34090","35200","35470","37350","38640","41060","41490","45980","48780","50000","49410","48730","58370","62650","63150","72370","71210","55430","61390","65490","74230","72410","76490","69410","75120","82300","83480","83210","84630","92640","95070","103490","102080","106640",
"Latvia","LVA","GNI per capita, PPP (current international $)","NY.GNP.PCAP.PP.CD","","","","","","","","","","","","","","","","","","","","","","","","","","","","","","","7580","6880","4850","4820","5110","5430","5730","6410","6970","7190","7840","8830","9590","10140","11080","12690","13810","15740","17210","16660","16540","17660","19280","20430","21580","22430","24030","25690","29330","31740","32760","36220","39830","41800","42650","45740",
"Macao SAR, China","MAC","GNI per capita, PPP (current international $)","NY.GNP.PCAP.PP.CD","","","","","","","","","","","","","","","","","","","","","","","","","","","","","","","28080","28690","31600","32620","33490","33830","33200","33400","31610","30280","31740","35960","39200","43480","53310","56360","59840","74100","67320","70610","88060","103650","112040","124420","121990","97040","97070","107380","114150","111120","67820","72990","75370","112970","125630","",
"St. Martin (French part)","MAF","GNI per capita, PPP (current international $)","NY.GNP.PCAP.PP.CD","","","","","","","","","","","","","","","","","","","","","","","","","","","","","","","","","","","","","","","","","","","","","","","","","","","","","","","","","","","","","","","","","","",
"Morocco","MAR","GNI per capita, PPP (current international $)","NY.GNP.PCAP.PP.CD","","","","","","","","","","","","","","","","","","","","","","","","","","","","","","","2710","2940","2910","2890","3230","3060","3470","3420","3680","3740","3860","4200","4380","4680","4980","5250","5750","6040","6420","6540","6760","7160","7170","7450","7090","7680","7740","7990","7680","7930","7630","8500","9170","9750","10280","10960",
"Monaco","MCO","GNI per capita, PPP (current international $)","NY.GNP.PCAP.PP.CD","","","","","","","","","","","","","","","","","","","","","","","","","","","","","","","","","","","","","","","","","","","","","","","","","","","","","","","","","","","","","","","","","","",
"Moldova","MDA","GNI per capita, PPP (current international $)","NY.GNP.PCAP.PP.CD","","","","","","","","","","","","","","","","","","","","","","","","","","","","","","","6930","6010","4360","4420","3100","3120","3110","3220","3010","2980","3170","3520","3940","4350","4880","5420","5790","6030","6660","6100","6790","7310","7940","9020","9400","9730","10900","11910","12430","14120","13990","15990","16510","18030","18760","19990",
"Madagascar","MDG","GNI per capita, PPP (current international $)","NY.GNP.PCAP.PP.CD","","","","","","","","","","","","","","","","","","","","","","","","","","","","","","","1120","1040","1060","1070","1060","1060","1080","1120","1140","1180","1220","1280","1090","1200","1260","1310","1380","1480","1560","1460","1440","1450","1420","1420","1460","1450","1510","1510","1500","1560","1450","1550","1680","1770","1840","1910",
"Maldives","MDV","GNI per capita, PPP (current international $)","NY.GNP.PCAP.PP.CD","","","","","","","","","","","","","","","","","","","","","","","","","","","","","","","4080","4010","4260","4410","4860","5910","6360","6840","7310","7730","8120","8000","8600","9720","10460","9450","11760","10910","12060","10920","11250","12260","12660","13570","15110","16440","17270","18230","19900","20820","12320","17110","20250","21970","23230","25600",
"Middle East, North Africa, Afghanistan & Pakistan","MEA","GNI per capita, PPP (current international $)","NY.GNP.PCAP.PP.CD","","","","","","","","","","","","","","","","","","","","","","","","","","","","","","","6001.61742552629","6318.47386679001","6592.77589346481","6625.37893386461","6701.08637494752","6902.46109912126","7186.50056246868","7425.18730831898","7675.84003029302","7734.02050879184","8225.44310707438","8399.20177667845","8493.92098483736","8823.86572670328","9595.08637142901","10146.6801553027","10864.8386954176","11510.5297816527","11878.6893507699","11759.3816199875","12184.7883832598","12616.1733383399","13002.6940973877","12953.7904917679","12853.4979975643","11869.2167921955","11773.3914302715","12297.8332454313","12935.8471616048","12915.5699327969","12225.448753388","13499.7901325675","15083.8770254204","15739.1564246199","16194.9680130349","16795.6718764287",
"Mexico","MEX","GNI per capita, PPP (current international $)","NY.GNP.PCAP.PP.CD","","","","","","","","","","","","","","","","","","","","","","","","","","","","","","","8360","8890","9280","8840","9250","8620","9190","9930","10500","10800","11470","11530","11620","11930","12540","13070","14320","14790","15470","14960","15730","17010","17630","17640","18370","18590","19580","19970","20380","20370","18730","20250","22600","24560","25100","25070",
"Marshall Islands","MHL","GNI per capita, PPP (current international $)","NY.GNP.PCAP.PP.CD","","","","","","","","","","","","","","","","","","","","","","","","","","","","","","","2630","2660","2880","3090","3310","3630","3150","2980","3060","3110","3250","3490","3540","3560","3660","3920","3940","4220","4030","4110","4260","4280","4160","4580","4810","5440","5530","5770","6370","7340","7290","7410","8490","9040","9760","10590",
"Middle income","MIC","GNI per capita, PPP (current international $)","NY.GNP.PCAP.PP.CD","","","","","","","","","","","","","","","","","","","","","","","","","","","","","","","2446.62587062306","2580.98306290665","2692.64022831429","2815.72663070059","2945.39039689544","3102.62499478457","3294.59719063064","3474.45774235607","3506.02878954817","3625.08865919094","3855.0490625001","4036.89703868964","4220.96974769366","4484.37767125411","4896.1664003614","5335.27097071549","5910.58769049725","6531.16146777136","6967.39935327827","7195.35354675804","7735.11715880573","8274.30390340198","8800.08968932503","9199.62239179674","9562.57817772356","9703.5747103787","10071.5774679377","10605.6717819639","11266.0069245629","11901.6369272237","11922.4852845204","13275.9441757089","14776.5853106434","15958.1701177976","16961.2804340379","18055.2018169833",
"North Macedonia","MKD","GNI per capita, PPP (current international $)","NY.GNP.PCAP.PP.CD","","","","","","","","","","","","","","","","","","","","","","","","","","","","","","","5290","5180","4880","4730","4820","4870","4970","5150","5370","5620","6040","6010","6320","6530","7180","7830","8850","9190","10790","11450","11830","12200","12450","13340","14210","14560","15800","16480","17690","19290","19210","21170","23170","24070","25620","26680",
"Mali","MLI","GNI per capita, PPP (current international $)","NY.GNP.PCAP.PP.CD","","","","","","","","","","","","","","","","","","","","","","","","","","","","","","","950","1090","1040","1090","1140","1140","1210","1250","1310","1360","1340","1500","1500","1670","1680","1720","1770","1800","1840","1870","1950","1980","1930","2000","2140","2290","2480","2540","2620","2720","2630","2700","2910","3060","3230","3400",
"Malta","MLT","GNI per capita, PPP (current international $)","NY.GNP.PCAP.PP.CD","","","","","","","","","","","","","","","","","","","","","","","","","","","","","","","10790","11400","11940","12530","13170","14270","14900","15740","16210","17300","17720","18720","19860","20920","21680","21270","22360","24370","25980","24990","27210","28210","29230","30650","32580","35710","36440","42380","43750","46550","42430","49500","55320","58950","61340","64900",
"Myanmar","MMR","GNI per capita, PPP (current international $)","NY.GNP.PCAP.PP.CD","","","","","","","","","","","","","","","","","","","","","","","","","","","","","","","440","440","490","530","570","620","660","700","740","820","950","1070","1200","1380","1600","1860","2150","2460","2750","3040","3350","3580","3690","4010","4180","4300","4340","4560","5430","5900","5630","5100","5610","5810","5900","5890",
"Middle East, North Africa, Afghanistan & Pakistan (excluding high income)","MNA","GNI per capita, PPP (current international $)","NY.GNP.PCAP.PP.CD","","","","","","","","","","","","","","","","","","","","","","","","","","","","","","","3781.10437310244","4077.37906600333","4218.33915545138","4205.41904590865","4246.27165161011","4355.00490463694","4584.05800172131","4700.76683098983","4910.50889248494","5043.33817345912","5367.69899348119","5538.59606202444","5682.71582984404","5824.56057528287","6308.91165664453","6663.83297645328","7110.23781717922","7603.5483602161","7828.57249200592","7879.59907939626","8150.22029752029","8161.06958508249","8349.76629054843","8311.85762506326","8203.2690006891","7902.04348391996","8026.96353203016","8351.34733892487","8664.92948857035","8649.89723120051","8777.84073594892","9293.79476507931","10230.638682388","10717.8806470111","11029.5012935376","11387.0908250663",
"Montenegro","MNE","GNI per capita, PPP (current international $)","NY.GNP.PCAP.PP.CD","","","","","","","","","","","","","","","","","","","","","","","","","","","","","","","","","","","","","","6090","6480","5970","6310","7110","7500","7770","8250","8410","10610","12600","14010","13000","13520","14460","14030","14980","15480","16450","18190","19760","21340","23970","20960","24180","28610","32170","33970","35700",
"Mongolia","MNG","GNI per capita, PPP (current international $)","NY.GNP.PCAP.PP.CD","","","","","","","","","","","","","","","","","","","","","","","","","","","","","","","3420","3180","2890","2830","2960","3170","3270","3410","3560","3660","3720","3880","4070","4370","4910","5300","5900","6520","7070","6820","6920","8130","9370","9850","10010","9590","9650","9540","11160","12100","12400","12630","14830","16040","17020","18460",
"Northern Mariana Islands","MNP","GNI per capita, PPP (current international $)","NY.GNP.PCAP.PP.CD","","","","","","","","","","","","","","","","","","","","","","","","","","","","","","","","","","","","","","","","","","","","","","","","","","","","","","","","","","","","","","","","","","",
"Mozambique","MOZ","GNI per capita, PPP (current international $)","NY.GNP.PCAP.PP.CD","","","","","","","","","","","","","","","","","","","","","","","","","","","","","","","","310","280","310","310","310","340","380","410","460","460","510","520","600","660","690","750","810","870","930","970","1050","1070","1110","1150","1290","1350","1250","1300","1360","1380","1430","1460","1530","1520","1540",
"Mauritania","MRT","GNI per capita, PPP (current international $)","NY.GNP.PCAP.PP.CD","","","","","","","","","","","","","","","","","","","","","","","","","","","","","","","2000","2050","2050","2120","2030","2220","2460","2340","2390","2450","2320","2240","2370","2520","2640","2870","3280","3230","3220","3190","3140","3190","3360","3720","3720","3860","4600","5280","5400","5540","5670","5740","6440","6980","7310","7640",
"Mauritius","MUS","GNI per capita, PPP (current international $)","NY.GNP.PCAP.PP.CD","","","","","","","","","","","","","","","","","","","","","","","","","","","","","","","4960","5350","5760","6110","6360","6720","7120","7600","8050","8290","9090","9590","9830","10460","11170","11660","12430","13700","14550","14810","15790","16590","17890","19200","20090","21180","22860","24170","24770","25750","23500","25360","29780","33060","34940","37000",
"Malawi","MWI","GNI per capita, PPP (current international $)","NY.GNP.PCAP.PP.CD","","","","","","","","","","","","","","","","","","","","","","","","","","","","","","","670","730","670","750","690","830","880","920","930","950","970","920","920","970","1020","1060","1120","1230","1310","1380","1440","1500","1440","1530","1480","1370","1410","1350","1320","1420","1470","1640","1720","1810","1830","1880",
"Malaysia","MYS","GNI per capita, PPP (current international $)","NY.GNP.PCAP.PP.CD","","","","","","","","","","","","","","","","","","","","","","","","","","","","","","","6590","7200","7790","8590","9330","10220","11160","11800","10780","11150","11970","12120","12760","13610","14620","15650","16920","18230","18900","18550","19550","20820","21800","22390","23500","23860","24590","25670","26930","28180","26920","29010","33320","35380","37510","40070",
"North America","NAC","GNI per capita, PPP (current international $)","NY.GNP.PCAP.PP.CD","","","","","","","","","","","","","","","","","","","","","","","","","","","","","","","23233.2355016328","23648.4584040811","24572.9619962256","25393.8548619317","26715.1854610671","27878.6508389796","29217.9969270247","30815.1563823357","32366.9187970499","33965.2118490744","36001.8817097055","36905.4711847427","37632.2148202579","38970.3685018618","41212.5998713735","43689.7331250535","46216.0359518034","47412.5013844629","47572.3287605067","46188.3769511226","48119.8303481906","49879.430119319","51807.8092558883","53076.0598755109","55204.7817547992","56444.3648943385","57266.6510249168","59430.3467496152","62107.3067333199","64276.2706142408","63046.2669901771","70205.1980193589","76886.0800199663","79974.8517186364","83027.7676999022","87033.1293962544",
"Namibia","NAM","GNI per capita, PPP (current international $)","NY.GNP.PCAP.PP.CD","","","","","","","","","","","","","","","","","","","","","","","","","","","","","","","3940","4340","4500","4370","4400","4650","4640","4780","4900","4880","5150","5180","5510","5960","6560","6660","7310","7630","7890","7830","8090","8630","8990","9670","10310","10450","10000","9710","9490","9370","9320","9340","10190","10730","11330","11260",
"New Caledonia","NCL","GNI per capita, PPP (current international $)","NY.GNP.PCAP.PP.CD","","","","","","","","","","","","","","","","","","","","","","","","","","","","","","","","","","","","","","","","","","","","","","","","","","","","","","","","","","","","","","","","","","",
"Niger","NER","GNI per capita, PPP (current international $)","NY.GNP.PCAP.PP.CD","","","","","","","","","","","","","","","","","","","","","","","","","","","","","","","740","740","750","750","750","760","760","760","830","810","800","850","870","880","880","940","990","1010","1070","1050","1120","1130","1200","1180","1210","1230","1220","1270","1330","1430","1460","1560","1820","1880","2010","2150",
"Nigeria","NGA","GNI per capita, PPP (current international $)","NY.GNP.PCAP.PP.CD","","","","","","","","","","","","","","","","","","","","","","","","","","","","","","","","","","","","","","","","","","","","","","","","","5430","5720","6060","6330","6440","6760","7220","7170","6990","6930","7020","7450","7360","7480","8170","8520","8900","9230",
"Nicaragua","NIC","GNI per capita, PPP (current international $)","NY.GNP.PCAP.PP.CD","","","","","","","","","","","","","","","","","","","","","","","","","","","","","","","1970","1790","1750","1770","1810","1990","2150","2270","2400","2560","2700","2780","2830","2930","3150","3370","3540","3790","3940","3760","3930","4210","4330","4480","4880","5240","5600","5900","5640","5760","5880","6750","7200","7950","8280","8780",
"Netherlands","NLD","GNI per capita, PPP (current international $)","NY.GNP.PCAP.PP.CD","","","","","","","","","","","","","","","","","","","","","","","","","","","","","","","18650","19680","20240","20990","22080","23320","24540","25950","27230","29130","31640","32430","33580","33870","35450","37250","40920","43650","44420","43360","45070","46960","47240","49350","49320","50200","51600","55070","58530","61020","60800","69670","77730","80530","84460","85480",
"Norway","NOR","GNI per capita, PPP (current international $)","NY.GNP.PCAP.PP.CD","","","","","","","","","","","","","","","","","","","","","","","","","","","","","","","17940","18960","20190","21100","22640","24060","26520","28310","27880","30310","36490","37850","38160","38900","42750","48490","54400","56010","61800","55960","58840","63060","66330","68090","68420","63250","61860","66940","73090","73110","69890","90520","128470","107370","108950","107770",
"Nepal","NPL","GNI per capita, PPP (current international $)","NY.GNP.PCAP.PP.CD","","","","","","","","","","","","","","","","","","","","","","","","","","","","","","","830","890","920","950","1030","1060","1110","1160","1190","1240","1320","1390","1390","1450","1540","1630","1730","1830","1960","2050","2160","2260","2480","2680","2940","3000","3010","3640","3980","4300","4290","4570","5130","5460","5840","6250",
"Naoero","NRU","GNI per capita, PPP (current international $)","NY.GNP.PCAP.PP.CD","","","","","","","","","","","","","","","","","","","","","","","","","","","","","","","19410","15880","13370","11380","11140","10440","9360","8650","7720","7320","6980","6700","6140","6280","6240","6330","7080","5990","6590","6580","6780","8130","9820","10590","11950","13670","14080","13480","12950","14920","16250","19280","19830","21070","20870","20200",
"New Zealand","NZL","GNI per capita, PPP (current international $)","NY.GNP.PCAP.PP.CD","","","","","","","","","","","","","","","","","","","","","","","","","","","","","","","14190","13530","13910","14750","15950","16740","17020","17960","18440","19350","20280","21370","22130","22860","23710","24020","25870","27240","27730","29490","29750","31250","31670","34820","35810","36240","38660","40600","40910","44140","44680","46890","52290","53340","54270","53600",
"OECD members","OED","GNI per capita, PPP (current international $)","NY.GNP.PCAP.PP.CD","","","","","","","","","","","","","","","","","","","","","","","","","","","","","","","16597.6007695199","17198.9351561724","17803.2195077248","18287.470930369","19118.1038445842","19867.3325135702","20801.7297600456","21816.3477922358","22433.743888724","23299.7701890394","24825.9417158163","25610.270927346","26353.5090088038","27114.5792991336","28594.6050620515","29995.8254236092","32090.3577315034","33469.6822498325","34166.7769435334","33318.2021623994","34778.274163918","36311.4930460948","37391.753183346","38666.596733161","39936.5293303377","40985.2051657512","42286.7381863194","43966.7858452505","45718.9672079062","47760.4747340412","46744.6323930464","51409.4507716727","57337.3640415957","59912.1550705211","62156.6443357158","64094.8421290066",
"Oman","OMN","GNI per capita, PPP (current international $)","NY.GNP.PCAP.PP.CD","","","","","","","","","","","","","","","","","","","","","","","","","","","","","","","26290","27710","28940","30150","31010","32750","33690","35710","35520","35430","37960","39890","39770","40040","41560","42420","45370","47820","50750","52220","52600","49600","47410","45320","42190","35030","32420","32400","35720","34750","32740","36070","38990","39670","39390","",
"Other small states","OSS","GNI per capita, PPP (current international $)","NY.GNP.PCAP.PP.CD","","","","","","","","","","","","","","","","","","","","","","","","","","","","","","","7132.21525500289","7264.418574806","7213.77997599221","7383.35577076719","7646.59426921251","8068.18579989757","8368.90792616078","8876.49645182227","9105.14099635099","9273.28868111705","9871.10467898211","10373.7444888556","10844.0237284014","11323.6258656713","11951.8287664025","12672.7481949916","13866.1334326794","14936.5110559842","15716.5235911904","15060.8186220919","15482.5587692768","16560.9522508894","17007.1379087031","17344.2379542515","17621.683151105","17657.9674851881","18402.08300658","19671.6173147458","20545.6198272872","22204.048666208","20995.6051061091","22995.1956029346","25704.2045634407","27405.1217412615","28646.4391603977","29927.8093707042",
"Pakistan","PAK","GNI per capita, PPP (current international $)","NY.GNP.PCAP.PP.CD","","","","","","","","","","","","","","","","","","","","","","","","","","","","","","","1870","1960","2100","2120","2180","2270","2350","2350","2360","2430","2510","2580","2620","2770","3000","3240","3460","3600","3650","3690","3720","3830","3990","4110","4250","4410","4550","4720","4900","4950","4960","5300","5840","5920","6110","6430",
"Panama","PAN","GNI per capita, PPP (current international $)","NY.GNP.PCAP.PP.CD","","","","","","","","","","","","","","","","","","","","","","","","","","","","","","","4450","4800","5270","5690","5910","5850","6250","6620","7060","7290","7720","7800","8190","8280","8940","9770","10870","12560","13840","14000","14380","16540","18190","20570","22310","25560","28180","31550","29900","31180","26190","29100","34900","37750","39210","41770",
"Peru","PER","GNI per capita, PPP (current international $)","NY.GNP.PCAP.PP.CD","","","","","","","","","","","","","","","","","","","","","","","","","","","","","","","3160","3390","3370","3540","3960","4250","4420","4720","4710","4760","4900","5000","5270","5480","5730","6150","6630","7370","8210","8360","9000","9690","10080","10710","11000","11200","11570","12010","12430","13070","12230","14100","15540","16130","16840","17540",
"Philippines","PHL","GNI per capita, PPP (current international $)","NY.GNP.PCAP.PP.CD","","","","","","","","","","","","","","","","","","","","","","","","","","","","","","","2570","2610","2650","2720","2870","3010","3190","3380","3600","3660","3680","3800","3920","4120","4410","4710","5000","5370","5630","5750","6110","6320","6770","7120","7460","7680","8200","8630","9250","9820","8860","9170","10720","12200","13350","14460",
"Palau","PLW","GNI per capita, PPP (current international $)","NY.GNP.PCAP.PP.CD","","","","","","","","","","","","","","","","","","","","","","","","","","","","","","","10750","11390","10650","9340","9990","11040","12090","12250","12370","11640","9440","10310","10740","10930","11660","12320","12890","13410","13210","13170","13120","14180","14680","15030","15650","16930","17250","17510","17730","18450","18110","16930","17650","18410","20810","23480",
"Papua New Guinea","PNG","GNI per capita, PPP (current international $)","NY.GNP.PCAP.PP.CD","","","","","","","","","","","","","","","","","","","","","","","","","","","","","","","1660","1830","1980","2310","2440","2350","2430","2330","2180","2160","2110","2060","2020","1980","2060","2220","2220","2440","2450","2500","2700","2640","2870","2860","3440","3430","3640","3740","3690","3770","3780","3740","4160","4330","4580","4840",
"Poland","POL","GNI per capita, PPP (current international $)","NY.GNP.PCAP.PP.CD","","","","","","","","","","","","","","","","","","","","","","","","","","","","","","","5870","5720","5920","6330","6860","7680","8290","8940","9490","10030","10670","11120","11750","12190","12990","13660","14810","16260","17990","18700","20290","22000","22830","23540","24480","25970","27250","28890","30980","34400","35720","39260","44940","46500","49540","52290",
"Pre-demographic dividend","PRE","GNI per capita, PPP (current international $)","NY.GNP.PCAP.PP.CD","","","","","","","","","","","","","","","","","","","","","","","","","","","","","","","","","","","","","","","","","","","","","","","","","3218.99845820123","3297.9552378695","3434.13812415096","3556.67789568577","3664.41473693658","3807.05300428156","3982.66401503815","3818.57197062518","3830.78780466903","3906.03686525756","4081.97199665259","4255.73004215678","4140.46809651249","4409.78469357528","4808.15537659393","4974.5123329687","5126.83763394881","5320.04205900124",
"Puerto Rico (US)","PRI","GNI per capita, PPP (current international $)","NY.GNP.PCAP.PP.CD","","","","","","","","","","","","","","","","","","","","","","","","","","","","","","","9470","9950","10240","10820","11250","11820","12230","12950","13290","14410","15400","15840","16030","16480","18710","19190","19860","20720","20610","20150","20200","20760","21500","21720","21750","21760","21630","21270","22570","24380","25140","27960","31310","32890","34120","35330",
"Korea, Dem. People's Rep.","PRK","GNI per capita, PPP (current international $)","NY.GNP.PCAP.PP.CD","","","","","","","","","","","","","","","","","","","","","","","","","","","","","","","","","","","","","","","","","","","","","","","","","","","","","","","","","","","","","","","","","","",
"Portugal","PRT","GNI per capita, PPP (current international $)","NY.GNP.PCAP.PP.CD","","","","","","","","","","","","","","","","","","","","","","","","","","","","","","","11770","12760","13270","13300","13620","14520","15010","15770","16640","17660","18580","19190","20050","20640","21210","22420","23980","25000","25770","25570","26420","26330","25880","27560","28170","28840","30870","32230","34070","36970","35450","38270","44430","48510","51540","52240",
"Paraguay","PRY","GNI per capita, PPP (current international $)","NY.GNP.PCAP.PP.CD","","","","","","","","","","","","","","","","","","","","","","","","","","","","","","","5210","5160","5320","5950","5860","6280","6700","6690","6640","6490","6060","6160","6350","6190","6660","6980","7720","8670","9390","9290","10320","10940","10450","11620","12110","12170","12840","13490","13650","13710","13820","14810","15760","16930","17900","19390",
"West Bank and Gaza","PSE","GNI per capita, PPP (current international $)","NY.GNP.PCAP.PP.CD","","","","","","","","","","","","","","","","","","","","","","","","","","","","","","","","","","","2470","2600","2540","2860","3330","3570","3090","2710","2310","2610","3160","3590","3610","3800","4040","4200","4360","4780","5560","5720","5950","6480","6810","6910","7280","7520","6910","6800","7620","7400","5020","5310",
"Pacific island small states","PSS","GNI per capita, PPP (current international $)","NY.GNP.PCAP.PP.CD","","","","","","","","","","","","","","","","","","","","","","","","","","","","","","","2887.0813677186","2916.81816258649","3048.78727306661","3138.6585096761","3194.48113647005","3395.32908830384","3534.19283856749","3493.66414057364","3521.95986953546","3689.6543507741","3778.3168071906","3806.56759139029","3928.28749521426","3987.21524508097","4225.1209056909","4425.78974766328","4463.94743113132","4548.96977912311","4676.53124640741","4689.76591809033","4789.70323667297","4974.37329880882","5153.16342739857","5535.29844508331","6065.56464017052","6447.32486616832","6576.37774977098","6787.73088068786","6993.26809991929","6990.98725352075","6229.55944015779","6151.79077684616","7174.83182682888","7923.70782920778","8230.72510034902","8670.38900152022",
"Post-demographic dividend","PST","GNI per capita, PPP (current international $)","NY.GNP.PCAP.PP.CD","","","","","","","","","","","","","","","","","","","","","","","","","","","","","","","18001.3592299854","18643.7923473125","19257.2694193553","19768.6923604435","20674.3355385696","21517.979942984","22487.6719171475","23557.8393685099","24396.4022188628","25453.397614364","27157.852397952","28153.5129191768","29053.2165398778","29985.6177867838","31659.9372867961","33253.4983089193","35534.2994276678","37061.2356540339","37779.5691084209","36822.9045059076","38412.2538947473","39977.1268600835","41154.7542117288","42601.7153455971","43895.894035743","44941.7126057354","46339.5375968646","48281.2206746277","50370.373817666","52836.9750385516","51806.6310415808","57129.1182925311","63270.1757226488","66181.0212692544","68681.0142415873","71041.965947106",
"French Polynesia","PYF","GNI per capita, PPP (current international $)","NY.GNP.PCAP.PP.CD","","","","","","","","","","","","","","","","","","","","","","","","","","","","","","","","","","","","","","","","","","","","","","","","","","","","","","","","","","","","","","","","","","",
"Qatar","QAT","GNI per capita, PPP (current international $)","NY.GNP.PCAP.PP.CD","","","","","","","","","","","","","","","","","","","","","","","","","","","","","","","58920","57910","63870","62530","62840","63800","65930","83790","86140","86200","84120","88590","91320","95020","105980","103240","123660","120710","121910","116930","136380","160810","169200","160380","141700","100290","89280","99100","107780","104810","80420","115040","118580","125350","122350","126290",
"Romania","ROU","GNI per capita, PPP (current international $)","NY.GNP.PCAP.PP.CD","","","","","","","","","","","","","","","","","","","","","","","","","","","","","","","5260","4800","4500","4670","4970","5390","5700","5510","5480","5530","5810","6480","7090","7380","8610","9320","11170","13260","16410","16430","17270","18710","19620","19390","20540","21400","23580","26560","28950","33080","33820","36870","40710","44840","47920","49550",
"Russian Federation","RUS","GNI per capita, PPP (current international $)","NY.GNP.PCAP.PP.CD","","","","","","","","","","","","","","","","","","","","","","","","","","","","","","","8010","7840","6800","6350","5710","5570","5440","5580","5230","5680","6650","7260","7880","8970","10010","11540","14480","16280","19600","18760","19860","22120","23530","25120","24840","23330","23340","25090","27930","29990","30750","37730","40090","43720","47090","49220",
"Rwanda","RWA","GNI per capita, PPP (current international $)","NY.GNP.PCAP.PP.CD","","","","","","","","","","","","","","","","","","","","","","","","","","","","","","","540","530","570","510","310","510","490","490","520","540","600","650","740","750","810","890","980","1060","1170","1220","1290","1380","1420","1470","1620","1730","1790","1890","2050","2300","2310","2730","3140","3450","3700","4070",
"South Asia","SAS","GNI per capita, PPP (current international $)","NY.GNP.PCAP.PP.CD","","","","","","","","","","","","","","","","","","","","","","","","","","","","","","","1154.83482961853","1183.79736091874","1250.16237876985","1315.87062685832","1402.65219968035","1506.83410631698","1613.86554628363","1678.98684941935","1765.24906688248","1903.00957134643","1983.04963872158","2086.215028902","2165.34532342632","2332.7179863047","2536.25630375076","2772.8588907839","3038.88882105344","3321.38047063906","3450.70627126241","3681.66601439821","3960.40432408883","4211.9637666643","4567.18271447006","4766.82582656215","4955.2420632715","5183.87879274201","5545.05592433322","5880.19557251941","6436.92483138439","6870.96930355361","6738.94855180705","7768.50339378503","8818.49696539002","9681.5850594988","10513.1612817753","11489.1401737722",
"Saudi Arabia","SAU","GNI per capita, PPP (current international $)","NY.GNP.PCAP.PP.CD","","","","","","","","","","","","","","","","","","","","","","","","","","","","","","","49350","51820","52350","50960","49440","48990","49320","49610","49790","48350","48770","47250","45420","47790","51320","53620","55190","55880","58250","55890","60470","65640","66750","63920","64410","55590","51050","53970","59930","60110","48210","63440","72460","72080","72440","74400",
"Sudan","SDN","GNI per capita, PPP (current international $)","NY.GNP.PCAP.PP.CD","","","","","","","","","","","","","","","","","","","","","","","","","","","","","","","1350","1370","1510","1620","1680","1780","1930","2290","2350","2370","2480","2670","2770","2930","3080","3280","3480","3690","3750","3620","3540","3830","3510","3480","4180","4120","4380","4080","3960","3720","3170","3120","3280","2430","2050","2140",
"Senegal","SEN","GNI per capita, PPP (current international $)","NY.GNP.PCAP.PP.CD","","","","","","","","","","","","","","","","","","","","","","","","","","","","","","","1470","1520","1550","1550","1530","1620","1660","1700","1780","1870","1930","2020","2000","2110","2220","2330","2410","2490","2570","2580","2640","2640","2720","2720","2800","2930","3020","3140","3290","3550","3660","4070","4380","4600","4810","5100",
"Singapore","SGP","GNI per capita, PPP (current international $)","NY.GNP.PCAP.PP.CD","","","","","","","","","","","","","","","","","","","","","","","","","","","","","","","23580","25140","27040","29430","33100","35340","36610","40060","38110","40400","43510","42820","44190","47480","51090","55490","62320","67000","65240","62780","74590","77300","78460","78610","81610","81210","84880","89830","91140","92810","89460","113750","116450","116630","126630","135750",
"Solomon Islands","SLB","GNI per capita, PPP (current international $)","NY.GNP.PCAP.PP.CD","","","","","","","","","","","","","","","","","","","","","","","","","","","","","","","1250","1310","1470","1540","1660","1800","1810","1770","1760","1700","1490","1390","1320","1420","1560","1700","1750","1780","1850","1880","2080","2150","2210","2400","2350","2310","2350","2400","2460","2490","2460","2480","2510","2640","2680","2790",
"Sierra Leone","SLE","GNI per capita, PPP (current international $)","NY.GNP.PCAP.PP.CD","","","","","","","","","","","","","","","","","","","","","","","","","","","","","","","1290","1370","1130","1220","1170","1140","1200","1140","1140","1140","1220","1110","1360","1430","1420","1520","1450","1470","1590","1740","1880","1950","2250","2540","2630","2520","2590","2460","2610","2680","2710","2820","3110","3340","3500","3690",
"El Salvador","SLV","GNI per capita, PPP (current international $)","NY.GNP.PCAP.PP.CD","","","","","","","","","","","","","","","","","","","","","","","","","","","","","","","2780","2880","3120","3330","3550","3780","3840","3980","4110","4190","4330","4440","4550","4670","4830","5110","5540","5790","6040","5870","6060","6390","6440","6770","7160","7560","8020","8470","8680","9270","8870","10180","11150","11860","12400","13140",
"San Marino","SMR","GNI per capita, PPP (current international $)","NY.GNP.PCAP.PP.CD","","","","","","","","","","","","","","","","","","","","","","","","","","","","","","","","","","","","","","","","","","","","","","","","","","","","","","","","","","48600","49590","52590","49830","58350","69370","71920","","",
"Somalia, Fed. Rep.","SOM","GNI per capita, PPP (current international $)","NY.GNP.PCAP.PP.CD","","","","","","","","","","","","","","","","","","","","","","","","","","","","","","","400","450","450","460","370","380","400","400","410","430","460","480","510","540","570","610","650","690","730","770","810","870","1000","940","1120","1340","1460","1590","1540","1540","1450","1390","1480","1590","1640","1640",
"Serbia","SRB","GNI per capita, PPP (current international $)","NY.GNP.PCAP.PP.CD","","","","","","","","","","","","","","","","","","","","","","","","","","","","","","","","","","","","","","6050","6460","5900","6420","6810","7530","7980","8640","9290","10330","11340","12770","12850","13050","13770","14050","14680","14740","14850","15580","16210","17570","19530","20400","22550","24910","28230","30770","31780",
"Sub-Saharan Africa (excluding high income)","SSA","GNI per capita, PPP (current international $)","NY.GNP.PCAP.PP.CD","","","","","","","","","","","","","","","","","","","","","","","","","","","","","","","","2000.66899213749","1922.41190835037","1934.74737046193","1954.56049845198","2053.97503794707","2118.66058478885","2207.47096027991","2226.95440522571","2250.99644331006","2308.30773233072","2381.95234038853","2454.74986548272","2521.42739943353","2660.64688861592","2837.68921033797","3026.48682976344","3195.10734777357","3302.7935104597","3358.38872653845","3492.57305074358","3626.70216081535","3660.17616419096","3808.28777612909","4040.58505650715","4052.99239156066","4093.899215409","4218.98878212937","4206.80487778524","4373.82930077438","4316.74432512177","4588.8181129418","4976.22200619356","5180.66431106025","5362.40015545138","5612.89639678538",
"South Sudan","SSD","GNI per capita, PPP (current international $)","NY.GNP.PCAP.PP.CD","","","","","","","","","","","","","","","","","","","","","","","","","","","","","","","","","","","","","","","","","","","","","","","","","","","","1560","1360","1810","1180","1010","","","","","","","","","","",
"Sub-Saharan Africa","SSF","GNI per capita, PPP (current international $)","NY.GNP.PCAP.PP.CD","","","","","","","","","","","","","","","","","","","","","","","","","","","","","","","","2001.6609081655","1923.56930197248","1936.02780700809","1955.80210193306","2055.12384136662","2119.97918050855","2209.01352866446","2228.48407688693","2252.52077491585","2309.87818849724","2383.49236429594","2456.10322670219","2522.69960869624","2661.96701412157","2839.16464096842","3028.13744073104","3196.72378959244","3304.23769726084","3359.78222518328","3494.02213066899","3628.28418974136","3661.90851037403","3809.88867766517","4042.35758977075","4054.80603771698","4095.94262130543","4221.15256005216","4209.10422271186","4376.2719425696","4318.90486043971","4590.80565362242","4978.49646155524","5183.09751365615","5364.93423890083","5615.61852587623",
"Small states","SST","GNI per capita, PPP (current international $)","NY.GNP.PCAP.PP.CD","","","","","","","","","","","","","","","","","","","","","","","","","","","","","","","6522.72533348136","6663.37443976437","6756.73120039997","6920.76939451064","7178.84884753881","7603.80531210113","7957.57421023882","8344.92678539578","8622.28778072898","8886.63123422929","9411.58598095743","9832.17144348796","10319.1224688849","10873.3215397316","11583.5756806007","12324.0617127229","13488.7325443257","14468.8279537715","15135.095484845","14562.5320155842","14941.3461350617","15573.8219761602","16052.322038122","16429.0980016273","16720.4528960333","16767.3577662815","17048.2185509851","18067.0632904172","18675.2946076302","19947.3633762056","18614.0036787457","20486.2618299523","23350.6047877277","25437.7683147006","27470.4709407843","28975.743367273",
"Sao Tome and Principe","STP","GNI per capita, PPP (current international $)","NY.GNP.PCAP.PP.CD","","","","","","","","","","","","","","","","","","","","","","","","","","","","","","","1380","1380","1390","1410","1450","1470","1530","1530","1550","1630","1680","1820","1870","2040","2110","2280","2600","2730","2800","2840","2850","2910","2680","2980","3320","3210","3350","3430","3960","4650","5200","5760","7150","6730","6380","6920",
"Suriname","SUR","GNI per capita, PPP (current international $)","NY.GNP.PCAP.PP.CD","","","","","","","","","","","","","","","","","","","","","","","","","","","","","","","6470","6830","6980","6580","6930","6980","7000","7260","7370","7130","7240","7090","7790","8280","9060","9830","10580","11520","12170","12410","12730","13100","14600","15760","16370","16500","13740","15620","16110","17840","15030","16190","18460","19180","20030","21000",
"Slovak Republic","SVK","GNI per capita, PPP (current international $)","NY.GNP.PCAP.PP.CD","","","","","","","","","","","","","","","","","","","","","","","","","","","","","","","8140","7150","6840","7510","8120","8860","9570","10160","10690","10680","11320","12370","13260","13400","14580","16150","18380","20640","23290","22950","24840","25290","26550","27850","28770","29400","29080","29690","31000","33160","35000","37220","40360","44220","46290","47920",
"Slovenia","SVN","GNI per capita, PPP (current international $)","NY.GNP.PCAP.PP.CD","","","","","","","","","","","","","","","","","","","","","","","","","","","","","","","12280","11580","11230","11890","13010","13710","14320","15250","15970","16990","17850","18750","19830","20690","22270","23460","25250","26830","28690","26770","27210","28320","28340","29240","30300","30390","32800","35640","38180","41860","41690","45510","51460","55570","56960","58880",
"Sweden","SWE","GNI per capita, PPP (current international $)","NY.GNP.PCAP.PP.CD","","","","","","","","","","","","","","","","","","","","","","","","","","","","","","","19890","20050","19900","19720","21140","22460","23300","24160","25340","27460","29660","29970","31080","32330","34000","34670","38660","42060","43380","41060","43190","45340","46260","47160","47820","49110","50310","52120","53920","58570","59440","64540","69270","71710","74660","76090",
"Eswatini","SWZ","GNI per capita, PPP (current international $)","NY.GNP.PCAP.PP.CD","","","","","","","","","","","","","","","","","","","","","","","","","","","","","","","3350","3410","3480","3480","3490","3940","4210","4330","4270","4490","4490","4830","4750","4920","5310","6100","6350","6810","6900","6860","6940","7100","7240","7870","8000","8050","8020","8020","7950","8280","8460","9240","9790","10560","10330","11390",
"Sint Maarten (Dutch part)","SXM","GNI per capita, PPP (current international $)","NY.GNP.PCAP.PP.CD","","","","","","","","","","","","","","","","","","","","","","","","","","","","","","","","","","","","","","","","","","","","","","","","","","35250","36450","38450","34510","35450","42140","43280","43720","43620","40710","44100","37930","39280","47310","50210","52060","",
"Seychelles","SYC","GNI per capita, PPP (current international $)","NY.GNP.PCAP.PP.CD","","","","","","","","","","","","","","","","","","","","","","","","","","","","","","","8650","9130","10040","10780","10610","10420","11600","13180","13230","13330","13930","14230","13230","13330","14310","16000","17670","18190","17360","17260","17940","20270","22200","21100","23400","23960","26810","28610","30560","32850","29950","28600","28290","30760","32310","34930",
"Syrian Arab Republic","SYR","GNI per capita, PPP (current international $)","NY.GNP.PCAP.PP.CD","","","","","","","","","","","","","","","","","","","","","","","","","","","","","","","","","","","","","","","","","","","","","","","","","","","","","","","","","","3150","3330","3370","3720","4600","4740","","","",
"Turks and Caicos Islands","TCA","GNI per capita, PPP (current international $)","NY.GNP.PCAP.PP.CD","","","","","","","","","","","","","","","","","","","","","","","","","","","","","","","","","","","","","","","","","","","","","","","","","","","","","","","24170","25880","28760","30150","31090","30540","19540","25160","29870","35430","37500","",
"Chad","TCD","GNI per capita, PPP (current international $)","NY.GNP.PCAP.PP.CD","","","","","","","","","","","","","","","","","","","","","","","","","","","","","","","960","1040","1110","910","1020","1010","1010","1040","1100","1060","1030","1140","1200","1210","1600","1850","1820","1910","1910","2020","2260","2340","2390","2040","2060","2320","2090","2080","2200","2350","2180","2420","2510","2540","2670","2770",
"East Asia & Pacific (IDA & IBRD countries)","TEA","GNI per capita, PPP (current international $)","NY.GNP.PCAP.PP.CD","","","","","","","","","","","","","","","","","","","","","","","","","","","","","","","1457.85525857108","1600.19342429476","1779.96173426551","1989.78991166429","2218.35529536158","2431.27974452171","2662.19075266202","2858.05611459865","2871.07954115124","3044.0742999709","3312.9204182071","3585.49930712099","3900.89591481573","4287.22138007071","4753.70739549971","5309.45084155612","6025.17991191807","6882.75429802211","7558.51953083146","8071.28544521257","8868.16715566332","9690.41294590016","10574.7570510577","11177.9132801284","11835.3602638459","12175.4705277395","12773.5325521685","13554.6574093054","14630.1725074708","15753.0312871498","16034.2325983454","17967.7816294809","19914.1979005592","21729.8480974099","23362.435971134","25209.3311823113",
"Europe & Central Asia (IDA & IBRD countries)","TEC","GNI per capita, PPP (current international $)","NY.GNP.PCAP.PP.CD","","","","","","","","","","","","","","","","","","","","","","","","","","","","","","","6881.8396435827","6706.88387371388","6193.50154463419","6043.73681916877","5598.09403884939","5690.06700633386","5799.17122711009","6058.81744738727","5654.48031083176","5853.80030910096","6475.10767579121","6870.33534826164","7352.23792285788","7996.1156884064","8920.33488647641","9903.28162382312","11652.4392859516","13040.8403357323","14863.0714816216","14467.4195243345","15511.5049170663","17047.7520356455","18046.4579885552","19267.4082880088","19731.8290922892","19639.1604339279","20113.3050360189","21435.5803394729","22972.5229874632","24704.3904796582","25322.8535405577","29090.9629658955","32365.7629757175","35232.0773224047","37484.4643310724","38843.6274681562",
"Togo","TGO","GNI per capita, PPP (current international $)","NY.GNP.PCAP.PP.CD","","","","","","","","","","","","","","","","","","","","","","","","","","","","","","","1180","1180","1130","1010","1130","1200","1280","1440","1390","1400","1390","1400","1450","1540","1520","1460","1500","1480","1530","1570","1630","1790","1760","1850","1960","2090","2120","2190","2300","2470","2670","2960","3310","3580","3820","4090",
"Thailand","THA","GNI per capita, PPP (current international $)","NY.GNP.PCAP.PP.CD","","","","","","","","","","","","","","","","","","","","","","","","","","","","","","","4390","4840","5250","5740","6230","6770","7140","6930","6330","6690","7150","7420","7860","8460","9130","9710","10510","11320","11620","11540","12390","12910","13950","14240","14570","14980","15890","16790","17960","19270","18780","19570","21560","23020","24110","25570",
"Tajikistan","TJK","GNI per capita, PPP (current international $)","NY.GNP.PCAP.PP.CD","","","","","","","","","","","","","","","","","","","","","","","","","","","","","","","2580","2420","1720","1450","990","970","780","830","880","920","990","1090","1210","1330","1510","1920","2210","2500","2730","2600","2830","3130","3420","3840","3910","3520","3370","3460","3550","4010","4270","4800","5990","6200","7080","8240",
"Turkmenistan","TKM","GNI per capita, PPP (current international $)","NY.GNP.PCAP.PP.CD","","","","","","","","","","","","","","","","","","","","","","","","","","","","","","","5360","5120","4350","4440","3740","3420","3650","3280","3450","3980","4060","4310","4300","4480","4720","5110","5790","6700","7490","7770","8220","9290","9990","10700","11350","11970","12580","12730","13760","14400","14690","15900","17740","19130","20800","22830",
"Latin America & the Caribbean (IDA & IBRD countries)","TLA","GNI per capita, PPP (current international $)","NY.GNP.PCAP.PP.CD","","","","","","","","","","","","","","","","","","","","","","","","","","","","","","","6074.16458253562","6431.83668743732","6670.18607200231","6853.30118632683","7160.92169800104","7331.76151778561","7617.07887983845","8038.95722404741","8200.7962769487","8160.74638155544","8523.79751181624","8640.3326434882","8649.07208457066","8863.21141489829","9469.45557035932","10091.3011383227","11066.3900918262","11903.7643625149","12524.393822226","12289.2074832157","13002.9335099986","13865.6120378889","14189.6752105286","14718.8084962209","15028.7233302052","14864.6131657472","15091.9090075534","15719.8426414626","16306.8821001232","16717.624201607","16117.6026761334","18007.9626601765","20084.9399506245","21297.9600155914","22185.480552531","22945.5527851292",
"Timor-Leste","TLS","GNI per capita, PPP (current international $)","NY.GNP.PCAP.PP.CD","","","","","","","","","","","","","","","","","","","","","","","","","","","","","","","1380","1540","1700","1870","1980","2100","2250","2320","2230","1650","2080","2150","2290","1830","2130","2620","3950","5500","8430","6280","7370","9080","8880","7630","6590","5450","4590","4930","5120","6430","6720","6520","5460","5300","5050","5120",
"Middle East, North Africa, Afghanistan & Pakistan (IDA & IBRD)","TMN","GNI per capita, PPP (current international $)","NY.GNP.PCAP.PP.CD","","","","","","","","","","","","","","","","","","","","","","","","","","","","","","","3789.35106773605","4086.65086229618","4228.34254379454","4215.82746798066","4257.26372961937","4366.0684103217","4597.15129146595","4712.80521223588","4920.94132935533","5053.15677993376","5382.68942599608","5557.22866099487","5704.92841021922","5845.79285311551","6329.87618099079","6684.36958186181","7133.66800503007","7629.06058720994","7854.17256068364","7904.59894494371","8176.04404287068","8184.29105286141","8369.14034257894","8330.01079073067","8219.16511531119","7912.29558416353","8035.84191170681","8361.798115722","8675.10089755283","8658.35988070716","8791.5427798473","9312.10661377585","10249.9661371745","10742.5183840343","11074.1081690062","11432.4350549969",
"Tonga","TON","GNI per capita, PPP (current international $)","NY.GNP.PCAP.PP.CD","","","","","","","","","","","","","","","","","","","","","","","","","","","","","","","2480","2700","2750","2900","3230","3410","3490","3510","3670","3750","3880","3970","4250","4250","4280","4300","4400","4380","4680","4520","4610","5000","5140","5250","5370","5530","6010","6480","6700","6890","7150","7280","7630","8410","8760","9240",
"South Asia (IDA & IBRD)","TSA","GNI per capita, PPP (current international $)","NY.GNP.PCAP.PP.CD","","","","","","","","","","","","","","","","","","","","","","","","","","","","","","","1154.83482961853","1183.79736091874","1250.16237876985","1315.87062685832","1402.65219968035","1506.83410631698","1613.86554628363","1678.98684941935","1765.24906688248","1903.00957134643","1983.04963872158","2086.215028902","2165.34532342632","2332.7179863047","2536.25630375076","2772.8588907839","3038.88882105344","3321.38047063906","3450.70627126241","3681.66601439821","3960.40432408883","4211.9637666643","4567.18271447006","4766.82582656215","4955.2420632715","5183.87879274201","5545.05592433322","5880.19557251941","6436.92483138439","6870.96930355361","6738.94855180705","7768.50339378503","8818.49696539002","9681.5850594988","10513.1612817753","11489.1401737722",
"Sub-Saharan Africa (IDA & IBRD countries)","TSS","GNI per capita, PPP (current international $)","NY.GNP.PCAP.PP.CD","","","","","","","","","","","","","","","","","","","","","","","","","","","","","","","","2001.6609081655","1923.56930197248","1936.02780700809","1955.80210193305","2055.12384136662","2119.97918050855","2209.01352866446","2228.48407688693","2252.52077491585","2309.87818849724","2383.49236429594","2456.10322670219","2522.69960869625","2661.96701412157","2839.16464096842","3028.13744073104","3196.72378959244","3304.23769726084","3359.78222518328","3494.02213066899","3628.28418974136","3661.90851037403","3809.88867766517","4042.35758977075","4054.80603771698","4095.94262130543","4221.15256005216","4209.10422271186","4376.2719425696","4318.90486043971","4590.80565362242","4978.49646155524","5183.09751365614","5364.93423890083","5615.61852587623",
"Trinidad and Tobago","TTO","GNI per capita, PPP (current international $)","NY.GNP.PCAP.PP.CD","","","","","","","","","","","","","","","","","","","","","","","","","","","","","","","6340","6670","7460","7640","7910","8430","9000","10050","11070","12060","12880","13890","15280","17610","20060","22370","25970","28040","29450","28030","29280","27630","29190","30000","30150","29560","27720","28540","27830","28560","25380","29990","28550","35270","35800","36080",
"Tunisia","TUN","GNI per capita, PPP (current international $)","NY.GNP.PCAP.PP.CD","","","","","","","","","","","","","","","","","","","","","","","","","","","","","","","3670","3830","4120","4160","4330","4490","4810","5110","5370","5710","6020","6330","6450","6840","7370","7720","8350","9010","9450","9760","10080","9970","10190","10220","10580","10500","10760","11020","11550","12170","11530","12120","13260","13680","14260","14870",
"Turkiye","TUR","GNI per capita, PPP (current international $)","NY.GNP.PCAP.PP.CD","","","","","","","","","","","","","","","","","","","","","","","","","","","","","","","8100","8300","8860","9640","9080","9820","10500","11380","8670","8350","9190","8790","8980","9310","10610","11680","13410","14810","15980","15370","17320","19550","20580","22270","23980","25610","26450","28000","28240","28570","28870","31660","39520","42750","44510","44630",
"Tuvalu","TUV","GNI per capita, PPP (current international $)","NY.GNP.PCAP.PP.CD","","","","","","","","","","","","","","","","","","","","","","","","","","","","","","","3290","3480","3680","3510","4130","4020","3640","4340","4710","4570","4040","4820","5980","4200","4610","4580","4540","5310","5230","5290","4730","4760","4090","5040","4510","5850","5840","5870","6430","6960","7060","7440","7450","7850","8820","11000",
"Tanzania","TZA","GNI per capita, PPP (current international $)","NY.GNP.PCAP.PP.CD","","","","","","","","","","","","","","","","","","","","","","","","","","","","","","","900","930","930","930","940","960","1020","1050","1070","1110","1150","1200","1290","1360","1460","1570","1710","1800","1890","1950","2030","2170","2050","2140","2200","2280","2390","2430","2700","2930","3230","3430","3730","3950","4130","4370",
"Uganda","UGA","GNI per capita, PPP (current international $)","NY.GNP.PCAP.PP.CD","","","","","","","","","","","","","","","","","","","","","","","","","","","","","","","660","700","710","760","800","890","960","1010","1040","1100","1110","1150","1240","1300","1380","1470","1630","1770","1910","1980","2060","2230","1990","2000","2090","2150","2130","2110","2250","2380","2480","2630","2860","3020","3190","3410",
"Ukraine","UKR","GNI per capita, PPP (current international $)","NY.GNP.PCAP.PP.CD","","","","","","","","","","","","","","","","","","","","","","","","","","","","","","","7760","7300","6560","5630","4520","4080","3760","3750","3720","3760","3960","4510","4870","5490","6370","6820","7550","8500","8840","7550","8140","8680","9450","10740","10370","10340","10980","11700","12680","14390","15880","17330","15540","18170","18690","18750",
"Upper middle income","UMC","GNI per capita, PPP (current international $)","NY.GNP.PCAP.PP.CD","","","","","","","","","","","","","","","","","","","","","","","","","","","","","","","3053.01778242093","3240.09421552304","3400.25699812908","3580.92905277834","3763.0029981138","3963.69543032367","4230.54341844355","4495.99710225598","4503.48868868854","4643.45442640684","4987.4574118127","5236.00467120139","5532.77570768323","5911.91485111733","6481.74653906524","7084.13153190103","7908.81358705404","8812.7435478134","9494.60312640848","9785.31389797001","10616.5303984899","11451.4607037793","12167.1502575642","12754.4811296092","13281.32773275","13397.0060157039","13904.2686257696","14661.5832827999","15559.5937485354","16439.1772716999","16542.2288311007","18496.2575882062","20572.5290003306","22303.9771404984","23733.0266492141","25218.3056054939",
"Uruguay","URY","GNI per capita, PPP (current international $)","NY.GNP.PCAP.PP.CD","","","","","","","","","","","","","","","","","","","","","","","","","","","","","","","6460","6960","7680","8040","8740","8770","9400","10380","10910","10920","10900","10680","10090","9880","10620","11940","12890","14080","15240","15900","17230","18520","18110","19630","20540","21230","21780","22320","23020","24520","24340","26480","29990","32200","34370","36330",
"United States","USA","GNI per capita, PPP (current international $)","NY.GNP.PCAP.PP.CD","","","","","","","","","","","","","","","","","","","","","","","","","","","","","","","23650","24100","25090","25910","27250","28450","29870","31510","33120","34730","36810","37720","38440","39780","42080","44570","47160","48330","48420","47060","49080","50870","52940","54120","56330","57820","58530","60740","63570","65910","64740","71780","78470","81870","85270","89490",
"Uzbekistan","UZB","GNI per capita, PPP (current international $)","NY.GNP.PCAP.PP.CD","","","","","","","","","","","","","","","","","","","","","","","","","","","","","","","2970","2980","2630","2570","2440","2420","2460","2570","2680","2790","2910","3050","3190","3360","3690","4020","4390","5060","5610","5850","6230","6780","6950","7350","7560","7810","7930","8240","8700","9000","8940","9750","10930","11790","12640","13640",
"St. Vincent and the Grenadines","VCT","GNI per capita, PPP (current international $)","NY.GNP.PCAP.PP.CD","","","","","","","","","","","","","","","","","","","","","","","","","","","","","","","3770","3930","4340","4630","4610","5080","5280","5510","5790","5940","6200","6510","6980","7510","7990","8500","9530","10260","10560","10670","10380","10580","10930","11570","11630","12070","13360","13500","14660","15310","15200","15900","17860","19550","21480","22340",
"Venezuela, RB","VEN","GNI per capita, PPP (current international $)","NY.GNP.PCAP.PP.CD","","","","","","","","","","","","","","","","","","","","","","","","","","","","","","","11520","12800","13360","13410","13050","13640","13570","14330","14290","13510","14070","14550","13100","12140","14430","16340","18360","20470","21490","20500","20080","20840","","","","","","","","","","","","","","",
"British Virgin Islands","VGB","GNI per capita, PPP (current international $)","NY.GNP.PCAP.PP.CD","","","","","","","","","","","","","","","","","","","","","","","","","","","","","","","","","","","","","","","","","","","","","","","","","","","","","","","","","","","","","","","","","","",
"Virgin Islands (U.S.)","VIR","GNI per capita, PPP (current international $)","NY.GNP.PCAP.PP.CD","","","","","","","","","","","","","","","","","","","","","","","","","","","","","","","","","","","","","","","","","","","","","","","","","","","","","","","","","","","","","","","","","","",
"Viet Nam","VNM","GNI per capita, PPP (current international $)","NY.GNP.PCAP.PP.CD","","","","","","","","","","","","","","","","","","","","","","","","","","","","","","","1150","1240","1380","1490","1640","1840","2010","2160","2270","2390","2580","2780","2960","3200","3490","3840","4170","4480","4730","4890","5220","5620","6170","6530","7020","7280","7910","8620","9500","10480","11110","11430","13230","14260","15850","17580",
"Vanuatu","VUT","GNI per capita, PPP (current international $)","NY.GNP.PCAP.PP.CD","","","","","","","","","","","","","","","","","","","","","","","","","","","","","","","1890","1760","1760","1770","1890","1930","2020","2140","2310","2330","2410","2390","2180","2260","2350","2450","2730","2810","3070","3010","3020","3140","3060","3220","3390","3470","3570","3770","4000","4190","3840","4080","4530","4580","4680","4970",
"World","WLD","GNI per capita, PPP (current international $)","NY.GNP.PCAP.PP.CD","","","","","","","","","","","","","","","","","","","","","","","","","","","","","","","5564.31587294611","5752.41089543972","5908.95262574648","6069.77387723423","6301.25315081641","6555.7772586408","6850.28605825714","7158.52078889504","7295.51286769278","7541.25613035049","8012.68891625331","8296.38804243819","8566.53885485193","8924.43116996059","9528.79250626645","10139.3519513805","11006.0114353973","11747.8704859229","12247.2331595243","12202.0764923385","12869.3806618649","13559.0694943979","14131.2001825135","14632.6696285338","15080.0737514492","15225.0609812324","15656.0561914502","16358.2042030245","17200.4735809052","18039.8112489665","17788.9441783346","19736.3316204211","21842.9984919325","23170.4267458808","24334.8174397265","25517.3952462676",
"Samoa","WSM","GNI per capita, PPP (current international $)","NY.GNP.PCAP.PP.CD","","","","","","","","","","","","","","","","","","","","","","","","","","","","","","","2910","2900","2840","3040","2040","2160","2430","2470","2540","2650","2890","3120","3300","3520","3720","4060","4270","4410","4630","4670","5080","5290","5150","5200","5260","5570","6010","6100","6110","6380","6250","6250","6740","8110","8640","9300",
"Kosovo","XKX","GNI per capita, PPP (current international $)","NY.GNP.PCAP.PP.CD","","","","","","","","","","","","","","","","","","","","","","","","","","","","","","","","","","","","","","","","","","","","","","","","","6650","6850","7300","7970","8150","8280","8380","8860","9270","9570","10190","11110","10790","12600","14130","16140","18320","19650",
"Yemen, Rep.","YEM","GNI per capita, PPP (current international $)","NY.GNP.PCAP.PP.CD","","","","","","","","","","","","","","","","","","","","","","","","","","","","","","","1730","1780","1920","1980","2070","2110","2070","2140","2300","2260","2410","2510","2560","2600","2660","2810","3000","3090","3130","3250","3390","2890","2870","3020","","","","","","","","","","","","",
"South Africa","ZAF","GNI per capita, PPP (current international $)","NY.GNP.PCAP.PP.CD","","","","","","","","","","","","","","","","","","","","","","","","","","","","","","","6170","6230","6150","6260","6510","6760","7070","7290","7310","7500","7930","8200","8600","8930","9550","10260","11060","11690","12170","12010","12390","12840","12660","13050","13030","13090","13170","13360","12970","13030","12460","13420","14440","15010","15170","15600",
"Zambia","ZMB","GNI per capita, PPP (current international $)","NY.GNP.PCAP.PP.CD","","","","","","","","","","","","","","","","","","","","","","","","","","","","","","","1390","1360","1360","1480","1370","1410","1490","1540","1500","1570","1630","1710","1770","1890","1940","2050","2160","2270","2500","2790","2890","3070","3270","3330","3370","3270","3210","3240","3390","3300","3020","3230","3630","3830","3760","3990",
"Zimbabwe","ZWE","GNI per capita, PPP (current international $)","NY.GNP.PCAP.PP.CD","","","","","","","","","","","","","","","","","","","","","","","","","","","","","","","2520","2650","2350","2420","2660","2670","3030","3010","2950","3000","2930","3070","2860","2430","2250","2170","2070","1950","1440","2170","2570","2920","3360","3660","3780","3970","4030","10480","3940","4120","4120","4750","5310","5740","5870","6390",
